exper_name,row_name,col,plot_num,variety_name,20210408,20210412,20210420,20210429,20210506,20210514,20210520,20210524,20210602,20210609,20210614,20210623,20210629,20210708,20210712,20210720
maturity_trial,row-1,1,B,B,0.085738536,0.519386883,1.286098967,4.650546822,5.882511816,14.94510867,22.3624552,25.63828276,38.35260474,54.22633346,55.16728822,63.05233373,66.86726393,78.4164973,77.12807018,70.71556163
maturity_trial,row-1,2,B,B,0.088754465,0.555881934,1.535312641,5.453433992,7.538149899,18.32185164,27.73727864,33.81852335,50.77764735,67.2300374,64.08313315,73.12311655,77.50315579,79.29669694,80.03655458,74.43414349
maturity_trial,row-1,3,B,B,0.119932838,0.366086658,1.172739541,4.904969948,6.425838397,17.20832037,27.06464075,33.6363475,48.96899458,62.48479299,59.16542144,68.48285354,71.92865653,77.93512159,80.73903509,74.55668803
maturity_trial,row-1,4,B,B,0.260681968,0.855734767,2.877500562,9.351675316,11.43198198,23.09930222,31.89978993,39.31431209,55.37493399,68.47902466,67.96683875,76.23563319,79.7420141,86.01151864,86.87015674,79.33684123
maturity_trial,row-1,5,422,DG 1464 GLTP,0.197458051,0.659045057,1.740440846,7.1441396,8.660814765,19.61109383,28.41406751,36.34305701,53.062113,72.97405312,65.73090832,75.43641929,79.51184912,85.36326659,84.3127193,80.28286225
maturity_trial,row-1,6,422,DG 1464 GLTP,0.203359744,0.751792115,1.781523938,7.192445474,8.410533423,19.23596604,28.91431674,35.04607354,51.41385801,68.47770712,70.33714228,78.22990399,80.42270066,86.02028472,85.0266489,81.77282757
maturity_trial,row-1,7,423,NG 4936 B3XF,0.002568295,0.084561703,0.201529465,1.864831954,1.116362818,3.260623343,6.638093712,10.19920814,21.82684002,41.57429204,37.81868373,36.26305277,39.74568996,52.36465164,45.01810155,46.02605863
maturity_trial,row-1,8,423,NG 4936 B3XF,0.041948822,0.362969132,0.767363452,4.459494324,4.187720069,10.40312903,16.55689964,20.19334908,32.74604243,47.03969342,50.81376882,59.83294204,65.7701883,76.64780293,72.3504386,71.35189661
maturity_trial,row-1,9,424,DGX 14330 GLTP,0.397240856,1.352987253,2.989516583,10.48806619,12.72657658,24.41358971,32.84543011,40.85187224,55.26944118,78.97591526,75.10915871,83.63278786,87.0502998,89.39259792,88.68385988,85.62432139
maturity_trial,row-1,10,424,DGX 14330 GLTP,0.810526497,2.463736489,4.433648223,12.65135879,16.55548053,30.05555802,41.00129958,47.79841273,64.05766254,75.81302957,76.70845896,82.6352607,85.74356998,88.81535146,88.65745614,86.69916991
maturity_trial,row-1,11,425,DG H959 B3XF (not paid),0.464452975,1.654961098,2.89788574,9.819772065,12.57978843,26.00782257,37.42790002,44.8151732,62.24889178,77.42854129,74.39720952,74.93644588,78.45383779,80.95696965,80.35482456,78.06147164
maturity_trial,row-1,12,425,DG H959 B3XF (not paid),0.209025803,0.879886776,1.77433131,7.122337833,9.518343462,21.26761189,31.77339244,38.12759766,55.59540574,70.33764317,70.06595973,74.42620366,77.64428977,81.28177706,80.14525404,77.19197226
maturity_trial,row-1,13,426,PHY 390 W3FE,0.552183479,1.820340502,3.006747638,10.18099741,13.96396396,31.74943702,44.7420423,54.61623138,70.12032086,83.01595109,83.62894455,86.56904169,88.62306398,89.86395333,88.86666667,83.42729475
maturity_trial,row-1,14,426,PHY 390 W3FE,0.672121189,1.865052679,3.621682411,10.94576917,15.36304299,31.49651096,44.79277932,54.05695719,71.50370082,82.40636638,84.37581565,86.70544537,88.30078193,89.94179319,89.76427995,84.27823894
maturity_trial,row-1,15,427,SSG UA 107,0.182248245,0.69578853,1.583277141,4.162679426,5.272972973,12.55568732,21.49380474,30.8324308,53.20295023,73.53884126,67.80182882,81.40736099,85.7199173,88.82630878,82.4995614,72.28806481
maturity_trial,row-1,16,427,SSG UA 107,0.047855554,0.239604163,0.745838956,3.947829656,5.064599015,13.00146673,22.76356548,30.70415283,53.3900556,71.84059983,66.6231586,80.83870629,85.14762088,88.98760475,85.60345734,79.85592583
maturity_trial,row-1,17,428,PX 1150A453-04 W3FE,0.310209779,1.034768212,2.242301641,7.347488038,9.341435967,22.25938412,36.28053123,47.91692559,68.50915856,75.05901909,78.72477848,86.97228164,88.17147312,89.74148813,87.29561404,84.87212357
maturity_trial,row-1,18,428,PX 1150A453-04 W3FE,0.184489209,0.615934122,1.812415655,6.84575464,9.615575062,22.44410863,36.46300648,47.70164941,70.76634182,83.08095219,80.98890939,86.91831943,88.69350258,90.14998773,89.18421053,87.38972365
maturity_trial,row-1,19,429,PX 1140A383-04 W3FE,0.587711563,1.684113081,2.823555855,8.831596036,12.28854378,26.0632226,38.90016378,46.92405619,64.63562753,77.79467546,76.41950568,77.44848973,79.77915411,81.8581472,80.07587719,77.73991481
maturity_trial,row-1,20,429,PX 1140A383-04 W3FE,0.518795641,1.716655458,2.590643275,8.915212503,11.9756921,24.56909196,34.50537634,41.118862,59.40710315,68.88118342,74.29244454,73.70567314,77.43083558,83.45313651,81.5877193,79.45001253
maturity_trial,row-1,21,430,DG 3215 B3XF,0.002586787,0.06765233,0.368172623,3.214654283,2.803603604,8.539537445,16.99663753,24.56900378,39.99451075,56.6899804,56.33388377,49.25012264,53.89871665,70.30313125,65.55350877,62.92739309
maturity_trial,row-1,22,430,DG 3215 B3XF,0.022834887,0.130912351,0.32928475,3.877680104,2.330407382,7.946575403,15.75716846,23.04254035,38.02059355,52.03582702,59.02594663,65.54287266,70.08155792,79.65873628,71.85779656,70.6314207
maturity_trial,row-1,23,431,DP 2020 B3XF,0.530702806,1.710573477,2.461003961,8.192954601,11.38735089,23.04289312,33.77661468,42.92429381,57.58754347,75.65893598,72.12574824,77.75474245,82.8123905,88.16665499,85.34912281,80.87655558
maturity_trial,row-1,24,431,DP 2020 B3XF,0.219161195,1.014977487,2.040035987,7.00280112,9.484132343,20.92626339,31.2152852,37.34797507,49.59805094,62.84626743,65.70580455,76.21646084,82.27804271,87.13357761,83.88749606,82.46212042
maturity_trial,row-1,25,432,DP 1840 B3XF,0.102110719,0.399220252,1.05802969,3.670715598,4.942606347,12.50416406,20.63305561,25.36175275,42.05861644,57.73750966,60.36045601,78.44112697,83.11286705,88.47983391,83.72412281,83.17213731
maturity_trial,row-1,26,432,DP 1840 B3XF,0.027574203,0.194936979,0.596988087,2.661483254,3.240540541,9.06840304,15.99506872,21.10860572,39.93632142,56.43260205,59.33589032,69.1117983,74.06553526,79.6192889,77.80690066,78.42261217
maturity_trial,row-1,27,433,ST 4993 B3XF,0.18363311,0.49568668,0.995951417,4.070090541,4.91064596,11.53962398,20.43767357,26.86133524,46.28895435,59.13850046,66.57022655,69.52396804,73.01448945,79.96861741,75.41315789,75.98680364
maturity_trial,row-1,28,433,ST 4993 B3XF,0.050114793,0.367175817,0.972802877,3.962320574,4.720234076,10.83143452,20.31586022,26.18823571,43.52533909,54.670745,60.71583303,70.38422454,75.24613221,81.55615555,78.21842105,77.86445308
maturity_trial,row-1,29,434,PX 4B08 W3FE,0.12709984,0.45604956,1.205128205,6.872258748,9.557956336,17.05586915,25.87365591,33.18138238,50.21957007,68.41490408,66.15659575,77.57989348,83.72269364,88.88372664,86.15309092,83.92938951
maturity_trial,row-1,30,434,PX 4B08 W3FE,0.304378568,1.116039427,2.598786244,9.078947368,13.10826018,26.75967505,40.99775986,47.42574432,66.43724696,72.95868175,79.88753216,85.89186157,88.26564581,89.76102039,89.04166667,86.41485008
maturity_trial,row-1,31,435,DGX 18502631C B3XF,0.219445738,0.949562878,2.411605938,8.457792208,11.49718659,24.74998889,38.71857865,47.62667282,69.73728217,79.39621249,82.86353409,88.80483187,89.54551826,90.17800827,89.80131579,87.69564854
maturity_trial,row-1,32,435,DGX 18502631C B3XF,0.073624464,0.491935484,1.576534053,5.485495413,7.074049066,17.10661319,29.94463434,38.17179483,61.27920068,82.39021903,77.70233449,85.10757586,85.9466496,88.73996283,87.43644588,84.900704
maturity_trial,row-1,33,436,NG 4190 B3XF,0.033838193,0.289929945,1.095816464,2.110816815,2.261261261,7.529223521,14.77871537,21.1973794,39.80021123,63.35333076,59.43597722,59.53267997,64.04880638,78.92720642,76.0004386,75.82519001
maturity_trial,row-1,34,436,NG 4190 B3XF,0.062067135,0.303086947,0.82535682,3.159546181,4.017555706,9.963533963,17.76329844,24.46513858,45.59753161,63.36444819,69.29722086,62.28601516,65.22143133,74.46176233,72.11798246,70.97993065
maturity_trial,row-1,35,437,DGX 20P861D B3XF,0.142206079,0.533542356,1.692757535,5.02734108,6.921621622,16.65229566,27.91084229,37.39593622,58.17285689,77.16823314,76.39841086,70.3596725,75.86989277,83.59733862,79.22017544,78.19859199
maturity_trial,row-1,36,437,DGX 20P861D B3XF,0.120281828,0.574574521,2.459289249,7.549395963,10.47175332,21.11698891,31.41289254,36.99332422,52.89513759,66.87635757,67.6357951,76.44149905,81.29667941,87.91069112,83.38421053,83.82515499
maturity_trial,row-1,37,438,AMX 20B037 B3XF,0.015089589,0.067697826,0.449089683,2.057488266,2.076074724,5.344237522,10.4139963,15.3286828,28.35862521,48.48451357,42.10042893,42.3737648,46.49064405,56.47463095,50.09342105,50.7316462
maturity_trial,row-1,38,438,AMX 20B037 B3XF,0.060782988,0.254032258,1.258659469,4.825885109,4.385325231,10.29754687,19.89425336,27.59973723,46.60081065,60.32148825,55.74713653,62.91263065,68.16946597,80.54874203,70.75657895,72.50814332
maturity_trial,row-1,39,439,SSG UA 222,1.07825892,2.143522003,4.60687795,11.82031784,16.69772676,30.12845015,41.50403226,49.38080358,65.61869179,75.86562785,79.69183982,85.42557292,87.04052491,89.93083558,89.21315789,88.12314805
maturity_trial,row-1,40,439,SSG UA 222,1.425831914,3.41495763,7.122357175,14.55545771,20.47085303,31.93376595,42.56765233,48.62578343,63.99654477,77.89904083,79.84769166,85.46849814,87.02531646,90.02382788,89.39078947,86.74016537
maturity_trial,row-1,41,440,DP 1646 B2XF,0.136975747,0.362523771,1.316689159,4.773731864,5.81981982,14.2979688,24.16308244,30.91928884,50.04180602,70.95376617,60.19473333,77.77962716,83.19804341,88.81704136,86.63201754,85.09771987
maturity_trial,row-1,42,440,DP 1646 B2XF,0.063334497,0.497133803,1.564102564,4.344536306,5.304073824,14.03964627,26.1281362,33.28036504,54.13376067,68.34985278,68.40874732,79.00693812,83.33274932,85.53289035,82.63377193,81.49500893
maturity_trial,row-1,43,441,DGX 20P25C B3XF,0.623239648,2.064693124,5.211058665,5.296974257,7.067747018,15.73847727,28.3844086,36.64977008,56.44643292,68.11775524,71.80633196,74.01622398,77.22264105,84.39317752,80.92236842,79.77658064
maturity_trial,row-1,44,441,DGX 20P25C B3XF,0.147346058,0.798835125,2.333333333,4.001265357,5.919873959,12.46019161,21.36028626,29.21319887,45.49660021,58.93585416,64.08518792,72.14766277,75.97654195,83.09811003,79.52067043,77.19911467
maturity_trial,row-1,45,442,PHY 480 W3FE,0.668184815,1.776731675,3.672735446,9.187093354,13.64348413,29.20618694,41.33687602,50.92102693,69.38714036,83.94350362,85.15979327,88.30801252,88.64934473,89.85212699,89.54780702,87.01119185
maturity_trial,row-1,46,442,PHY 480 W3FE,0.455316451,1.965949821,4.259109312,11.19873548,16.02837838,30.55685104,44.88179164,54.69346448,72.57366222,84.68472032,83.11359561,86.43738174,87.54295382,89.7928614,88.41342614,85.51013975
maturity_trial,row-1,47,B,B,0.055148405,0.795698925,2.24471435,7.673366791,9.924825568,20.57069203,32.56803407,45.36778936,58.06184914,71.9999473,68.18153852,80.3253971,84.35507043,89.14451769,87.01447368,83.67117681
maturity_trial,row-1,48,B,B,0.211595792,1.44786828,3.990553306,10.84501025,15.52875023,26.53714783,37.47819198,45.61014151,56.78431959,68.88074394,68.15617991,77.02317962,79.6192889,87.19976156,85.17567236,80.69447924
maturity_trial,row-1,49,B,B,0.376560204,1.896852524,4.420373399,5.645802519,7.512941706,15.76425619,25.55677206,33.5857465,41.07268505,53.24819057,48.30455613,58.93614783,62.2858119,78.29253977,71.10175439,66.17295366
maturity_trial,row-1,50,B,B,0.185039235,0.920115616,1.801303664,6.319207109,8.892640108,19.46753189,31.4551734,41.72584644,54.31174089,62.8775094,62.78349057,72.015383,76.10715663,84.47876854,78.74605263,75.68153345
maturity_trial,row-1,51,B,B,0.050971456,0.84472691,2.868645974,8.305280246,12.39252757,26.3327259,45.18141776,65.06800064,61.03523888,66.62567634,63.77096298,75.27594786,80.74134787,87.58585045,80.28245614,78.49912303
maturity_trial,row-1,52,B,B,0.173631307,1.152148644,4.436502585,12.41802963,18.9246005,32.22365438,43.69125187,53.97173446,64.2720544,72.55212179,74.47482685,79.46746386,77.87878257,85.37115607,85.32206599,83.46159504
maturity_trial,row-2,1,B,B,0.026111002,0.211021505,0.605079793,2.644426015,3.388251182,8.880536913,14.47162287,18.67576301,31.80932819,49.24977232,52.24659846,61.61769347,66.95098005,78.83472422,75.52202041,73.45485676
maturity_trial,row-2,2,B,B,0.067212119,0.592822047,2.039931719,7.353896104,10.23918919,22.42372558,32.93989888,39.66900724,56.6590389,76.08329241,68.12001195,75.15505642,79.18389516,84.94817368,85.82719298,80.42324262
maturity_trial,row-2,3,B,B,0.315472267,1.009187795,2.846153846,9.395706334,12.66013803,25.25090004,34.76287118,41.20030893,59.41765761,75.12179595,71.4659019,79.38890413,83.1866475,87.14541183,87.68627932,80.65104819
maturity_trial,row-2,4,B,B,0.075386355,0.612849818,2.303193882,8.505211893,11.32432432,23.457487,33.56854839,41.24203256,60.7589537,78.22880839,74.10610695,82.95474455,86.24075178,89.70247905,88.81015453,84.4921719
maturity_trial,row-2,5,401,PHY 443 W3FE,0.28679297,0.931694999,1.74857674,7.654129939,9.178933153,21.50208092,32.80197133,40.75288958,58.79953044,80.37604223,76.48850332,84.36120261,87.65549443,89.86246011,89.44254386,86.70379321
maturity_trial,row-2,6,401,PHY 443 W3FE,0.534602583,1.632040874,2.822207238,15.62075186,13.94778303,28.70927597,41.62527594,48.49794933,67.14859936,84.61878531,80.15021271,85.67139451,88.470844,88.89293103,86.90438596,82.76831204
maturity_trial,row-2,7,402,ST 5091 B3XF,0.705853145,1.868288968,3.205128205,17.05924096,12.28404231,25.00210979,38.37632628,47.18587433,65.23156659,79.31890271,76.59397743,84.72343892,86.94153409,89.24679375,87.80219298,85.23946622
maturity_trial,row-2,8,402,ST 5091 B3XF,0.797125039,2.461021505,5.104517869,22.9243436,14.47400405,26.48384373,36.81371502,44.48182803,60.9375,81.71513453,77.63289737,85.73151668,88.50722325,89.88349872,89.15766682,86.13922993
maturity_trial,row-2,9,403,PX 1140A385-04 W3FE,0.281656379,1.18234767,2.295096716,12.33125427,9.387837838,21.91297391,31.65233568,39.58694659,57.9541454,83.26409994,71.00736561,82.1032483,86.39270446,89.41148644,88.85263158,86.70631502
maturity_trial,row-2,10,403,PX 1140A385-04 W3FE,0.351571083,1.257565568,2.788573999,11.71823568,11.95633581,25.30058941,37.08252983,45.36024359,66.65845764,80.02281187,79.27543743,83.15728111,86.25784565,88.77327396,88.33891441,86.87379938
maturity_trial,row-2,11,404,PHY 332 W3FE,0.706747079,1.486213853,2.544309492,9.14688456,12.01756757,27.74483546,42.36763868,52.62903254,73.36596602,84.17183176,83.53901693,82.64463172,84.58264666,89.6152565,88.70051545,86.81909296
maturity_trial,row-2,12,404,PHY 332 W3FE,0.348432056,0.864247312,1.660818713,7.615519326,10.14449696,23.26725632,35.41266111,42.73831294,63.19810886,75.21861378,77.28966705,84.73745532,86.56641187,89.79364634,88.38333333,86.13596722
maturity_trial,row-2,13,405,DGX 20P04D B3XF,0.043515538,0.378747419,1.019554956,4.047006318,4.846275039,13.49731946,26.58826165,37.78028149,64.22592853,85.04160639,79.1249165,85.14699699,87.63140374,89.69312846,89.03640351,86.36223169
maturity_trial,row-2,14,405,DGX 20P04D B3XF,0.098023269,0.537995965,1.323436797,6.442241969,6.15079901,16.97986577,29.7471419,39.82298528,61.82495426,73.19560739,75.98530394,84.87894036,87.57933308,89.84229812,88.28640351,86.07450096
maturity_trial,row-2,15,406,PX 1150A450-04 W3FE,0.408712298,1.094406466,2.551584626,10.5110163,11.94868332,27.13455124,42.0939258,54.73002045,75.89420877,85.62300039,86.40438772,88.70453431,88.95682949,89.7964994,89.96929825,88.08910371
maturity_trial,row-2,16,406,PX 1150A450-04 W3FE,0.363413778,1.397987859,3.477282951,14.12839958,15.19153725,30.67514112,43.48192057,51.84757302,74.92040177,85.80431804,84.12702598,87.81338757,88.55490675,89.63784492,89.13859649,87.51707471
maturity_trial,row-2,17,407,FM 1730 GLTP,0.100591564,0.77016129,1.50865363,5.369646811,6.87418411,16.77274546,27.43938261,36.1956927,57.85936891,78.58699856,73.42448054,80.56845259,84.20439414,86.89335272,86.43684211,83.37885242
maturity_trial,row-2,18,407,FM 1730 GLTP,0.035528084,0.323245909,0.798020693,3.2715311,4.298648649,12.04045465,21.35361034,32.66605117,56.78398193,72.1396072,72.81155576,67.86194824,73.90774571,81.51714646,76.25924822,76.2619338
maturity_trial,row-2,19,408,DP 1948 B3XF,0.116328667,0.857078853,1.956365272,6.979557638,9.018681071,21.90408463,36.08826165,47.40914014,69.96759571,79.4107055,83.02701895,85.3511108,87.70893195,88.97971528,88.52763158,88.33959743
maturity_trial,row-2,20,408,DP 1948 B3XF,0.260681968,0.758894971,1.555105713,5.011961722,6.384684685,16.16098356,25.01691234,32.828507,53.02310129,68.51635514,73.89808928,82.93549914,85.39657772,87.58678425,86.19998948,86.28580974
maturity_trial,row-2,21,409,ST 4550 GLTP,0.199042882,0.93106886,2.217627594,7.492967862,9.277515192,23.17036879,33.1958093,42.17859489,59.93223024,75.33333919,73.9200513,84.77637715,88.62863354,89.85018759,89.22911042,87.74993736
maturity_trial,row-2,22,409,ST 4550 GLTP,0.176900935,1.061740381,2.682860999,10.38277062,10.06621622,21.61740522,33.27547533,41.5589546,60.62658317,71.66002038,82.06412826,83.41728572,84.9758056,87.89491216,88.12105263,85.94986752
maturity_trial,row-2,23,410,NG 5150 B3XF,0.02140246,0.225201168,0.653630029,9.575677778,1.801035336,5.128227921,10.06551307,16.33140084,30.91137124,51.42302148,51.5425588,39.01596117,44.45301002,58.64204565,56.00696027,59.82794621
maturity_trial,row-2,24,410,NG 5150 B3XF,0.000430847,0.078828879,0.522383391,9.111000915,1.635381499,5.441478895,9.313358969,12.55215454,24.10578319,35.91762701,39.46049995,50.82740556,58.42248958,75.03418773,66.26929825,70.05821162
maturity_trial,row-2,25,411,PX 1150A452-04 W3FE,0.096311072,0.806896674,2.618533513,15.10680109,8.856628404,21.08715943,30.63759524,37.34176091,52.59367142,64.32733889,68.87722814,77.70166094,82.92057958,87.4964959,86.58377193,84.30719118
maturity_trial,row-2,26,411,PX 1150A452-04 W3FE,0.414779683,1.953375347,4.863115307,23.55445739,10.78775602,20.11805935,30.06137993,36.07052181,53.20870894,61.27072939,65.02397934,74.31668361,79.91382938,85.56357165,82.83162102,82.21162131
maturity_trial,row-2,27,412,PX 1130A329-04 W3FE,0.51785286,2.346110738,5.441745389,27.72257348,10.5036036,20.48402151,32.88859,39.61392326,55.75218126,63.87859251,68.43643427,77.97936085,82.47731095,85.0598325,83.30307018,83.00851109
maturity_trial,row-2,28,412,PX 1130A329-04 W3FE,0.161374552,1.001833654,3.21959991,20.57445517,7.208192663,16.48922231,28.8186285,35.93381034,58.3534519,70.9993015,74.73142999,81.95764227,85.16865949,87.65603633,86.6207616,86.2032153
maturity_trial,row-2,29,413,NG 3195 B3XF,0.165335983,0.802094978,2.690958165,19.19258373,3.167117117,7.50477799,13.82133011,16.83237754,30.38409443,50.38815551,43.2848036,57.85531572,65.56696335,78.15853372,70.23289474,70.66775244
maturity_trial,row-2,30,413,NG 3195 B3XF,0.179232317,1.028092288,3.15037087,18.246796,6.954760297,14.96244278,24.48417361,29.94681582,44.49172681,57.47309879,61.48278898,70.23344086,75.56278271,84.95739682,81.86516007,79.97688347
maturity_trial,row-2,31,414,SSG UA 114,0.119853778,0.726383625,1.418353576,11.87982524,5.718018018,14.37219432,23.33903012,29.26396924,44.03840705,54.20863803,59.5634251,74.51336814,79.92895438,86.5699183,82.03289474,77.92073833
maturity_trial,row-2,32,414,SSG UA 114,0.062945143,0.469539984,2.102045403,10.28152768,2.687373396,7.841752502,14.59632616,20.39442146,32.65883415,50.06763404,51.48398342,73.51382367,79.3637575,85.09151794,83.37017544,79.83421031
maturity_trial,row-2,33,415,PHY 545 W3FE,0.266674657,0.891728312,2.010346379,6.304557852,9.241891892,21.02537891,34.06877263,42.95403299,63.54517123,78.96099216,78.65355435,84.44573901,87.19864742,87.86291595,87.35877193,87.05642534
maturity_trial,row-2,34,415,PHY 545 W3FE,0.51785286,1.719982079,3.303643725,7.279989747,11.34098582,23.58255493,37.14261554,45.55465796,67.15630468,80.32552175,78.51616725,83.42254187,86.60673586,88.46996739,87.51140351,86.98581486
maturity_trial,row-2,35,416,FM 2398 GLTP,0.300731147,1.53597848,3.520791189,8.624522285,12.63155526,25.79047958,36.71224097,46.31855547,63.75898644,70.57172722,73.8005813,81.79532553,85.76853669,87.19426729,84.49271523,84.827111
maturity_trial,row-2,36,416,FM 2398 GLTP,0.574392626,2.604055401,5.844804318,10.84415584,15.71595769,28.33513221,38.29176458,46.09839675,61.01840572,70.71885321,73.28894667,82.8202919,86.81799853,88.34110593,85.29473684,86.08076505
maturity_trial,row-2,37,417,DP 2012 B3XF,0.212838376,0.721484655,1.597662396,4.734830673,6.380373621,14.9757767,24.96594982,33.04023223,45.85561497,65.58174057,62.51362374,77.93074147,83.14659401,87.42553788,82.11885965,82.17925817
maturity_trial,row-2,38,417,DP 2012 B3XF,0.294893683,1.098857082,2.24471435,6.659688995,9.491334684,18.62660563,31.25448029,41.75645285,60.8097166,72.52740496,75.88319514,70.5643606,76.94475613,83.17349837,79.34491041,79.67259668
maturity_trial,row-2,39,418,DG 3402 B3XF,0.226438031,0.854518265,2.100696786,7.970896779,11.32207968,24.72894764,38.94466994,51.38975197,68.35508725,80.20211159,77.21979046,81.06778681,85.75539631,87.48204149,84.31447368,85.43574656
maturity_trial,row-2,40,418,DG 3402 B3XF,0.410769969,1.365143369,4.118308592,11.62333387,16.8,29.96533179,42.17181158,49.25252561,65.44138356,73.81960389,77.66234223,85.69550124,87.55654125,88.68342158,88.2871945,87.3402656
maturity_trial,row-2,41,419,PHY 400 W3FE,0.367512419,1.321831146,3.596941071,6.296435625,9.420661715,19.88545861,31.84686711,41.68190615,65.14297105,76.56656243,77.63739399,85.41893124,87.53728451,89.77260774,88.97094919,88.166439
maturity_trial,row-2,42,419,PHY 400 W3FE,0.199482122,0.876326284,2.278902384,7.605824064,10.31240153,22.55741957,37.67490921,49.11936509,72.65163242,81.07827981,81.14861069,87.5245287,88.93755694,89.84360722,88.55131579,87.17579069
maturity_trial,row-2,43,420,FM 1953 GLTP,0.460152899,2.185608608,5.443020904,9.137077537,13.39455323,25.8411485,40.72669657,51.76704011,72.46473051,80.79843898,81.26274624,86.53748378,88.85742838,89.64812932,88.68473649,87.02831371
maturity_trial,row-2,44,420,FM 1953 GLTP,0.336874727,1.27688172,3.291048133,9.243948941,13.05051696,25.91492955,39.13248594,46.29103563,66.79061785,76.3886937,79.33580315,86.46075385,88.86093482,90.1570006,88.59473684,86.8551014
maturity_trial,row-2,45,421,PHY 360 W3FE,0.3824133,1.321684588,3.249719038,6.358509911,8.171055593,18.64831372,30.79704301,41.90250874,60.92361087,76.72757796,74.47345021,84.11328755,87.6721389,89.8094253,88.07938596,84.82794621
maturity_trial,row-2,46,421,PHY 360 W3FE,0.650578843,2.56349733,6.490691834,14.40070792,14.22327256,25.89937331,43.0031362,57.42946931,73.40406211,79.14543953,82.17358244,85.74137991,87.65866615,89.0020688,87.49078947,83.37081013
maturity_trial,row-2,47,B,B,0.153771031,1.13179164,2.960413855,9.415584416,9.978843124,19.87865382,31.12538275,44.57548426,60.46056592,71.1378329,71.47938261,78.39722475,81.8715397,85.48076249,83.20219298,79.40783429
maturity_trial,row-2,48,B,B,0.177078082,1.454994054,4.031488979,10.02753007,13.09340536,27.09764878,40.52330343,52.98856595,62.83771512,74.49446945,76.13967746,83.11768519,86.11802658,88.83332165,87.90438596,84.51641193
maturity_trial,row-2,49,B,B,0.297262105,1.833653778,4.320287899,7.030929597,10.16385325,23.01402232,34.57861568,46.72463666,54.21654213,68.15400667,64.25350701,74.71835798,80.22724087,88.88455743,86.79692982,84.31018178
maturity_trial,row-2,50,B,B,0.132695255,1.198386012,2.596089009,7.773398425,10.88048616,22.96413174,36.05043438,47.95642988,57.62277768,66.75921096,66.75148543,76.26406957,80.8969459,87.51665556,81.67581262,80.46527267
maturity_trial,row-2,51,B,B,0.067212119,0.915322581,2.730994152,7.374132449,10.76839973,23.0588831,45.27211066,66.79953127,56.25263862,64.6675249,63.67790769,76.56649953,82.78735229,86.65231951,81.28747502,81.02605863
maturity_trial,row-2,52,B,B,0.083469596,1.38354629,4.423915487,9.955280358,14.72023408,27.62567225,41.3373683,53.88340465,61.35019602,71.1491702,74.41003015,79.39852127,77.17486588,84.73342333,85.85350877,82.75675108
maturity_trial,row-3,1,B,B,0.023970756,0.206063519,0.647786019,3.304036319,4.143146523,11.05693586,16.06805882,21.24975587,37.54825229,56.20055901,53.09647994,61.58613556,67.85169536,80.34211465,78.96754386,77.09214787
maturity_trial,row-3,2,B,B,0.122931159,0.711686715,2.068376068,6.700700615,9.563963964,19.48619939,29.33870968,35.36237541,49.26975127,67.72670578,61.37307728,70.73705647,75.40297148,80.56646446,81.45709878,76.70049278
maturity_trial,row-3,3,B,B,0.243859354,1.255963825,2.788334011,10.54906252,11.16948008,22.55741957,31.50044803,38.05328196,54.69021142,69.67311817,69.80963581,76.20665171,78.59409516,83.16341737,84.55964912,78.74708417
maturity_trial,row-3,4,B,B,0.076310207,0.607954141,1.799820063,7.768268598,7.242853928,16.53362372,25.04762159,31.34554267,50.89053265,69.76319303,69.03210394,78.70952765,82.38094821,86.73428241,86.20481083,84.06472628
maturity_trial,row-3,5,322,DGX 20P861D B3XF,0.002568295,0.220578346,0.861898336,9.033626018,1.313526896,3.426297298,5.601545254,9.497896064,19.29897905,39.82614352,35.03656089,59.95208144,71.72674357,82.97012518,78.02412281,75.70324898
maturity_trial,row-3,6,322,DGX 20P861D B3XF,0.100229586,0.582885305,1.784670713,14.21346922,3.526446095,8.672829904,14.6972691,19.26965893,39.19311146,54.33297028,65.28332603,70.15514402,75.47305347,80.47559394,78.73479084,80.33666071
maturity_trial,row-3,7,323,AMX 20B037 B3XF,0.059926889,0.372961618,1.1631856,14.92181288,1.891514742,4.361266939,9.573720003,18.65401346,36.47607749,62.759957,63.33488511,33.51274589,36.01896981,48.63950349,41.58366446,43.82935799
maturity_trial,row-3,8,323,AMX 20B037 B3XF,0.131063859,0.910150965,2.85560054,18.55971547,5.123115012,11.56895862,22.24373353,34.38071481,55.73228388,73.56255709,72.80306226,66.5905985,70.72894036,79.90374838,75.29410218,77.03875386
maturity_trial,row-3,9,324,DG 3215 B3XF,0.002996344,0.026899798,0.500674764,8.882723596,0.224623002,1.237446756,5.87080752,16.11774941,31.24713959,53.19373199,52.86610217,17.84506623,19.77497458,33.40799116,29.22938596,32.94036582
maturity_trial,row-3,10,324,DG 3215 B3XF,0,0.120967742,0.731022225,13.60601216,1.668692325,5.894928663,14.75779748,26.32006463,43.49625317,68.49307849,66.32079949,56.15127542,60.49215082,75.961028,72.6245614,74.46758432
maturity_trial,row-3,11,325,FM 1953 GLTP,0.584613793,1.445340502,2.357174989,9.967105263,10.98852127,23.40044683,36.08025351,46.1805124,62.42385877,81.17471145,72.40753437,77.07931554,81.09057205,85.89293223,86.43903509,84.85884908
maturity_trial,row-3,12,325,FM 1953 GLTP,0.410071142,1.301075269,2.706613139,10.9034481,13.56200765,26.98119916,36.2889874,43.17818653,59.3882478,72.49179922,75.74007664,83.14571799,86.21094709,87.68277289,86.65833333,85.26726802
maturity_trial,row-3,13,326,NG 5150 B3XF,0.016276599,0.015243219,0.215474584,1.882646649,2.728378378,6.389329354,11.75448029,16.9411253,28.45526668,51.51937429,50.20685475,69.51988148,78.60242295,85.62355456,80.82368421,81.3890932
maturity_trial,row-3,14,326,NG 5150 B3XF,0.051365905,0.508260343,1.158462576,5.613741098,8.414134594,17.31543624,28.87051971,37.98581397,56.09696032,71.56075651,76.46037689,84.51363095,87.18769711,88.69744732,86.62382973,85.30652301
maturity_trial,row-3,15,327,SSG UA 222,0.737665339,1.592165211,2.897435897,8.706172037,11.91672293,23.52836667,35.75224014,44.4654049,67.62717831,80.22838398,81.77350502,85.8320485,87.35360637,88.22364038,87.67850877,85.94094778
maturity_trial,row-3,16,327,SSG UA 222,0.532065166,1.619134088,3.426387952,9.882662743,14.19671393,26.40872928,40.14483136,48.20455231,70.43211722,81.85343616,81.56136835,85.09881561,86.64105754,88.71059644,87.96635576,84.93937165
maturity_trial,row-3,17,328,PHY 390 W3FE,0.338869057,1.687027082,3.412505623,11.24794004,15.71730813,30.95127054,43.7290821,50.87664009,69.43143813,82.1806268,79.58901342,85.47722571,86.37881763,88.08338301,88.48684211,86.00476071
maturity_trial,row-3,18,328,PHY 390 W3FE,0.352712548,1.633064516,3.989597019,11.38046616,15.28516768,29.83465932,44.68729972,52.47190313,74.96856961,84.0027932,84.63418064,87.08388815,87.82281519,89.34263123,89.03800975,87.17789219
maturity_trial,row-3,19,329,SSG UA 107,0.072340316,0.535394265,1.166554282,4.44072057,4.992572586,12.33077026,22.02284946,29.64208248,52.12031274,72.27355773,64.83097774,78.71215572,84.91707283,88.44410744,85.62807018,83.03641527
maturity_trial,row-3,20,329,SSG UA 107,0.068059824,0.329522529,0.749887539,3.763243336,4.418018018,10.96024269,19.40501792,26.32672265,43.46070758,57.79014169,59.10593116,77.54655937,84.01780083,86.21968954,81.90482456,77.26593168
maturity_trial,row-3,21,330,ST 5091 B3XF,0.972099753,2.481506389,4.641025641,13.35892547,16.90569435,33.16321772,45.75537634,51.66273103,67.19233746,78.36154766,78.62983979,87.20239139,88.05671386,89.08735721,87.88815789,87.4325943
maturity_trial,row-3,22,330,ST 5091 B3XF,1.029709077,2.694444444,5.149347728,13.57181331,18.12477477,31.27116761,46.7405914,53.5209715,70.62077822,76.49761085,81.34163063,87.44919055,88.86835097,89.68582349,89.24927241,88.1383112
maturity_trial,row-3,23,331,DP 2012 B3XF,0.372830861,1.379690949,2.730727494,7.942682729,10.30880036,23.20636473,37.16842911,46.22986742,66.93791668,78.73817811,74.76459841,83.94447561,87.01041411,88.4268344,88.29736842,87.0212144
maturity_trial,row-3,24,331,DP 2012 B3XF,0.212838376,1.496412618,3.256410256,10.08438566,13.79144144,26.55002865,38.19518621,46.14919924,63.26362574,74.08254866,74.69456457,85.64151307,88.34142196,89.3807637,88.38362145,88.13953977
maturity_trial,row-3,25,332,PX 1150A453-04 W3FE,0.449879718,1.545253863,3.614295347,11.62508544,15.94463201,30.94759767,44.65881578,53.29350354,70.60400009,78.76554705,78.08775446,85.28935104,86.67160489,88.93018689,88.62368421,88.66825357
maturity_trial,row-3,26,332,PX 1150A453-04 W3FE,0.591992055,2.564388052,5.290148448,14.43832665,17.25005627,31.34657837,45.09141565,52.59938973,72.85788418,80.735594,82.54843019,87.36947228,87.97830962,89.30011571,89.42149123,89.3100767
maturity_trial,row-3,27,333,DGX 18502631C B3XF,0.271990542,0.998273161,2.283850652,10.24820574,7.162727887,15.58335926,24.97730186,31.99492215,51.45387701,67.23438269,65.99646662,72.16781134,74.87644403,81.79897612,80.44912281,81.15551658
maturity_trial,row-3,28,333,DGX 18502631C B3XF,0.073196415,0.598520511,1.927575349,11.27450561,5.60612199,13.14864907,23.96102151,32.03664578,50.69967281,64.94128608,67.25820061,74.62287126,78.85363375,84.71106981,82.96140351,83.25858181
maturity_trial,row-3,29,334,PHY 360 W3FE,0.069389713,0.519713262,1.689143899,11.18933698,5.877477477,14.32108094,22.26198106,28.22470394,43.2886821,60.65719205,59.26897655,70.13849954,77.01094008,84.78295172,82.67280702,81.2285384
maturity_trial,row-3,30,334,PHY 360 W3FE,0.32830535,1.537634409,3.580579906,12.44752614,12.12334009,23.85883817,35.27202165,42.27890915,60.78229861,69.04449075,74.37811819,81.24997279,85.41330857,88.03612727,85.00350877,81.98634023
maturity_trial,row-3,31,335,DGX 14330 GLTP,0.422229977,1.61690878,3.107664644,9.348513329,13.44406932,25.45560338,37.61927651,47.51877563,66.00382477,77.22791537,77.4803994,84.20570818,88.12548181,88.88635646,88.25958133,86.83030367
maturity_trial,row-3,32,335,DGX 14330 GLTP,0.383104042,1.698161105,3.823211876,11.00818207,14.87103309,26.48962176,39.84769992,50.17710349,71.50724227,81.49851015,79.04097669,87.07907001,89.28170693,89.70247905,89.37938596,88.49870542
maturity_trial,row-3,33,336,PX 1140A385-04 W3FE,0.283127163,1.414405754,3.107062528,10.24051606,15.33288319,30.37601671,44.1127252,53.59580914,76.51205774,85.93257154,82.45467641,87.96954937,88.27353003,89.36542305,89.23026316,88.74687401
maturity_trial,row-3,34,336,PX 1140A385-04 W3FE,0.260681968,0.983356863,2.425725552,8.035019622,11.67049291,25.73172368,39.29659498,48.80155531,71.12035604,85.75937895,77.02993707,83.80405074,88.01939058,89.00864336,87.22587719,87.31827256
maturity_trial,row-3,35,337,DP 2020 B3XF,0.607463742,1.781136509,3.520917679,10.71044087,16.26486486,30.10000444,44.21744004,56.32804783,71.54726281,78.24877127,79.18847938,85.32307438,87.72338636,88.19961185,86.29912281,86.75728723
maturity_trial,row-3,36,337,DP 2020 B3XF,0.492684639,1.99686169,4.13845808,11.13044296,16.29934729,29.92435851,40.52597379,48.02700495,63.41603926,74.01842808,77.45734294,85.87190763,87.78025978,89.65382727,87.77675439,88.43795314
maturity_trial,row-3,37,338,SSG UA 114,0.003449049,0.073028674,0.245774906,1.549897471,2.214864865,5.462909463,9.784578934,14.76084371,24.6035029,46.30840629,39.90884093,65.00315579,74.8418775,85.47550634,81.26666667,78.98287275
maturity_trial,row-3,38,338,SSG UA 114,0.053506151,0.346559067,1.218700832,2.888520301,3.522394778,9.152042498,18.54393648,31.47426451,51.76629954,58.73401377,69.03298871,81.31570187,85.22914548,88.65624671,86.94160034,83.30201286
maturity_trial,row-3,39,339,PHY 443 W3FE,0.547407737,1.802944528,2.918128655,10.02477785,16.17690749,32.24143295,47.51255074,57.08192035,77.19285034,83.68833884,84.10153641,87.51884708,88.98322171,90.11975261,89.93508772,89.21719029
maturity_trial,row-3,40,339,PHY 443 W3FE,1.156588961,3.047159266,5.726230614,15.57757581,22.449246,36.98171368,49.31772057,58.9017808,78.91773205,82.51747945,84.64434388,86.79611395,87.76210596,88.71454118,86.68519233,85.81990123
maturity_trial,row-3,41,340,FM 1730 GLTP,0.137099695,0.552766503,1.371569951,4.657382092,6.383783784,15.84829063,26.50985663,36.95825862,58.91104348,73.48921369,73.81518003,75.79586867,78.21408535,82.72248326,81.24561404,80.70064096
maturity_trial,row-3,42,340,FM 1730 GLTP,0.072382282,0.465402139,1.360305687,5.173430914,6.830069773,17.262545,28.4484767,38.64362694,60.49199085,72.7491919,76.58412972,70.17821452,74.34736141,80.98149835,76.76622807,76.59149754
maturity_trial,row-3,43,341,ST 4993 B3XF,0.120281828,0.526507869,1.341880342,5.251233296,6.172072072,15.30334682,25.95999786,33.5857465,56.05034478,73.60340103,72.52223746,78.72003995,82.34554157,86.94510677,84.12900172,82.74414206
maturity_trial,row-3,44,341,ST 4993 B3XF,0.042804921,0.358960884,1.20791189,4.926771714,4.777852802,10.86030532,19.06243324,25.53131048,45.02204554,58.6255358,63.91159512,78.05761072,82.97692606,86.67697456,83.02412281,82.51148417
maturity_trial,row-3,45,342,NG 3195 B3XF,0.08660023,0.498468988,1.412982277,6.323367219,5.737564709,13.61660518,21.67984049,29.14883795,46.12460963,62.19104876,65.31396126,74.9229098,79.45984302,86.72989937,84.310898,83.44450519
maturity_trial,row-3,46,342,NG 3195 B3XF,0.130632728,1.144265233,3.131354026,8.306472987,5.566058969,10.90871942,18.3258563,26.34447739,45.35184333,59.01816457,59.35819006,68.32950802,74.46395386,82.94032049,77.97880795,76.01849322
maturity_trial,row-3,47,B,B,0.180636766,0.889038332,2.527309508,6.915434796,8.535223948,15.86203831,23.76450901,32.50448307,50.24159479,63.28446366,68.58047572,78.4949044,82.65295396,85.92867913,85.25570175,83.41810741
maturity_trial,row-3,48,B,B,0.289980468,1.756272401,5.424028742,11.0445147,15.46576577,28.64349527,41.25268817,50.14198533,64.76701027,74.34034853,80.23854727,85.23065737,86.89820821,89.22911042,88.20482456,85.58243144
maturity_trial,row-3,49,B,B,0.309778932,1.871851855,5.186783547,5.94205005,8.819266262,21.20004797,34.49865591,46.18406335,57.3930646,74.4145703,70.40836058,79.39137067,83.30953466,87.75098115,85.86622807,83.48784766
maturity_trial,row-3,50,B,B,0.095711108,0.838941109,2.451641925,7.875085441,10.98987171,26.83758389,41.13932225,54.33954948,65.555831,69.31347059,73.97074851,81.47689046,84.17154321,86.30912725,84.63173674,82.9404224
maturity_trial,row-3,51,B,B,0.015837821,0.599455769,2.494043605,8.165584416,13.38510016,28.26170052,46.82270526,63.19221277,66.85906665,76.23097071,74.92358232,83.21667601,85.25956619,88.32006732,86.68508772,84.69769885
maturity_trial,row-3,52,B,B,0.123706221,1.401053906,4.816014395,12.14144644,17.63178033,32.03431264,45.05092702,54.73918293,66.36601112,75.05928958,79.60614211,83.86318242,82.10710404,87.35579789,86.49868421,84.97786687
maturity_trial,row-4,1,B,B,0.047544803,0.336021505,1.024499888,4.519395079,5.70335359,14.31885862,22.12846258,26.17491966,45.10172823,66.24109145,64.15081819,69.32116827,73.51984642,80.15314352,77.04605263,71.89259166
maturity_trial,row-4,2,B,B,0.215736801,0.696989806,1.968433565,8.947273924,8.884537475,19.39819548,30.04343801,37.1446441,51.85629804,72.02760413,63.48376201,73.91416708,79.00920084,83.33128791,82.66155896,75.98763885
maturity_trial,row-4,3,B,B,0.334955282,1.430873033,3.432748538,15.19309638,11.78933153,25.0700672,35.72509435,44.70154289,61.81044188,77.88751448,74.46902635,80.01830892,83.35202187,85.20898348,86.71052632,79.71377535
maturity_trial,row-4,4,B,B,0.036621988,0.685410422,2.685996853,19.45871771,5.204141346,11.96853193,19.31450347,25.68533281,46.66167928,64.53549545,62.61883591,74.72711823,79.51102774,85.42075478,81.70307018,78.7567861
maturity_trial,row-4,5,301,PHY 545 W3FE,0.436469863,1.428202663,4.758649042,32.93562922,8.26036036,18.1166469,29.04793907,37.77675195,59.74836406,81.8183016,77.2144731,86.55676917,88.7570958,89.98299379,88.58157895,85.51938636
maturity_trial,row-4,6,301,PHY 545 W3FE,0.414779683,1.928896959,6.204989885,49.08603575,7.936979518,18.35459354,29.75325785,37.67643769,58.03865496,78.27760785,77.36311475,85.76941271,88.87583716,89.85125096,89.86842105,86.9815418
maturity_trial,row-4,7,302,PHY 480 W3FE,0.651063976,2.372311828,10.25326136,50.75921445,14.37207207,28.16723742,40.89359467,47.21472578,67.72797636,78.93551051,84.68548576,88.94859567,89.30417338,89.80898699,89.38026316,87.74534369
maturity_trial,row-4,8,302,PHY 480 W3FE,0.829559366,2.476767785,9.168813886,54.31888717,19.75376998,37.21143162,56.30029196,66.21983914,77.47591812,87.99792568,88.38692838,89.35454482,89.7892633,90.25860257,89.84780702,89.16843543
maturity_trial,row-4,9,303,PX 1140A383-04 W3FE,0.901899682,3.195464445,11.12460639,49.76915777,17.02723385,33.10191564,48.86917563,57.96965716,73.83064963,87.49121636,80.57144626,87.39010594,89.17671175,90.36738665,90.07942074,87.66140483
maturity_trial,row-4,10,303,PX 1140A383-04 W3FE,0.822055915,3.37045147,10.67476383,52.17617908,14.27774027,29.7542429,44.71102151,53.66901621,71.8118072,83.62602398,83.41008728,74.7752996,78.62214664,84.16581928,83.13070175,81.3367577
maturity_trial,row-4,11,304,NG 4190 B3XF,0.083041546,0.423092853,3.085919928,24.54960479,1.451271663,4.519390071,9.952956989,18.50798075,37.505717,66.60239969,57.05494875,40.39745252,47.40041727,62.02706967,59.48947368,64.36944415
maturity_trial,row-4,12,304,NG 4190 B3XF,0.044118151,0.268817204,1.122049899,12.04137569,1.187035787,3.465042891,7.414426523,12.73902313,28.05776429,44.85322535,52.78548267,44.24539211,51.21059644,65.02996005,59.78996459,65.60719953
maturity_trial,row-4,13,305,DG H959 B3XF (not paid),0.126668993,0.634193919,1.765110688,11.25525479,8.185460275,20.92111166,35.40465,46.3855796,63.77138152,76.31930293,83.19110627,88.06015288,89.12765436,90.13552369,89.06622807,86.80489435
maturity_trial,row-4,14,305,DG H959 B3XF (not paid),0.149389174,0.88923307,2.374718848,9.169259101,10.5954955,23.71394284,40.46277505,53.43864851,75.49358997,83.02306367,85.43356028,89.4452134,89.64944423,89.85344103,89.8799117,87.099296
maturity_trial,row-4,15,306,PX 1130A329-04 W3FE,0.148105026,0.628404227,1.500112385,8.636363636,9.874409183,22.64945109,40.39423347,54.0185324,79.2571264,86.97473825,86.13736638,89.55345559,89.97214241,90.25386584,89.98956836,87.36824522
maturity_trial,row-4,16,306,PX 1130A329-04 W3FE,0.136547698,0.729390681,1.901404045,8.120089259,10.4,23.43908928,37.56097344,46.52362268,72.33107271,82.95186865,82.0063969,86.32700259,87.32862302,88.46669353,88.26140351,86.5693644
maturity_trial,row-4,17,307,DGX 20P04D B3XF,0.029535395,0.264066353,1.073499663,3.995280559,4.980418636,15.65936264,27.2580139,33.90339126,56.21721528,77.50864287,73.65891829,81.72884744,85.19824445,88.76143974,88.43095831,86.68445939
maturity_trial,row-4,18,307,DGX 20P04D B3XF,0.011129279,0.336911629,0.826360774,2.683754692,3.282466802,9.847162445,17.46236559,24.44250129,45.13659232,60.73736878,70.44862352,65.75968884,70.70198815,75.31470248,73.81710526,76.19059551
maturity_trial,row-4,19,308,NG 4936 B3XF,0.0194009,0.173574023,0.508634279,2.032638414,2.503713707,7.611004934,15.42538987,24.17189925,40.9382151,57.50758185,72.00019452,49.17680152,53.21413554,59.16318945,58.13098285,59.65703478
maturity_trial,row-4,20,308,NG 4936 B3XF,0,0.001336083,0.076023392,0.747244855,0.632005402,2.95681373,9.319589831,21.37537063,40.40664731,62.47579554,75.24187448,32.62010302,37.22211508,53.04960092,51.00307018,53.47903751
maturity_trial,row-4,21,309,PX 1150A450-04 W3FE,0.718694621,2.066919929,3.940464335,13.5453092,18.44744542,39.11640517,56.40852064,62.54352541,80.23338173,82.47663551,89.5074918,89.82540823,90.13376901,90.30602405,90.40264901,89.8805646
maturity_trial,row-4,22,309,PX 1150A450-04 W3FE,0.84101318,2.434486933,4.673414305,14.86880466,20.60274589,38.94714868,60.01700135,68.35440229,82.40219533,87.58525824,89.03157192,90.03477819,89.77655247,89.90293644,90.03508772,89.42565935
maturity_trial,row-4,23,310,DG 1464 GLTP,0.190053849,0.750373852,2.014394962,6.757265118,9.434234234,20.46135384,36.11808374,50.41279761,75.0840521,87.36868456,83.7871548,88.58085838,89.83811059,90.19951611,89.2377193,89.28527897
maturity_trial,row-4,24,310,DG 1464 GLTP,0.133131697,0.688172043,2.224021592,7.883262228,10.56943507,22.25716329,33.50134409,44.98606253,62.68074514,75.62144156,76.92161365,86.13559114,88.95867667,89.79080524,89.62149123,89.51557671
maturity_trial,row-4,25,311,PHY 332 W3FE,0.425908962,1.222670251,2.98065677,10.75169071,15.16486486,32.52500111,45.52598566,55.53104416,71.11776096,79.28098392,82.48569837,88.25432168,89.62994874,90.14122164,89.18552632,88.72333719
maturity_trial,row-4,26,311,PHY 332 W3FE,0.608230819,2.269446312,4.238255788,14.72573479,17.28066622,33.14500691,46.88812932,54.17147524,71.24349142,78.90438714,83.41716546,87.64629617,88.69876223,89.71502908,89.25,88.60313124
maturity_trial,row-4,27,312,PX 1150A452-04 W3FE,0.166511142,0.560777612,1.178825822,6.344741499,5.048840873,13.67171874,25.30664744,38.02221117,55.12591641,68.36922915,70.08682659,75.52245871,80.62013806,84.52216066,84.28722957,83.82527353
maturity_trial,row-4,28,312,PX 1150A452-04 W3FE,0.062514012,0.393253673,0.996178917,7.166353383,5.142921449,13.0676919,22.99677775,33.86227651,55.23825123,67.80883283,70.67645224,80.44405705,85.94884112,88.59093937,84.89254386,86.56467374
maturity_trial,row-4,29,313,DG 3402 B3XF,0.188341652,1.000943531,2.425101215,12.16025581,8.484357416,20.18601676,31.83659118,41.20297214,59.9249212,74.59156068,76.58761231,84.29109771,87.62658561,89.28959641,87.73449279,87.84473398
maturity_trial,row-4,30,313,DG 3402 B3XF,0.302830415,1.178078046,3.103013945,11.64174641,10.57072072,21.38628383,32.64615823,39.58916445,56.93407851,70.58534186,73.3555411,81.20006658,84.320979,88.10179179,86.33815789,84.58800042
maturity_trial,row-4,31,314,DP 1646 B2XF,0.274807592,0.848732465,1.681061628,5.058864769,6.425675676,15.5766923,26.06414228,35.42491894,53.02737124,67.38960377,68.51008861,72.18708389,78.29692486,85.63788587,79.89736842,80.53620646
maturity_trial,row-4,32,314,DP 1646 B2XF,0.106226228,0.630185671,1.645134929,5.237952837,6.733288319,15.86650144,26.90994624,36.24274275,60.61075148,76.48311784,74.53803855,80.16760756,83.39319504,88.77897191,86.6518812,87.68729642
maturity_trial,row-4,33,315,DP 1840 B3XF,0.010771173,0.317328918,1.133153396,3.356189564,4.231825343,11.15649584,21.58378136,32.11787369,51.97324415,72.72415853,66.10660615,59.65029084,66.85695375,81.72008135,76.16578947,79.91188507
maturity_trial,row-4,34,315,DP 1840 B3XF,0.126702566,0.630351939,1.396718364,4.178913192,6.034830447,13.83488569,23.17302215,32.49782504,53.7411021,70.83992546,72.46192164,71.53120458,77.94212979,87.32029524,81.16255829,86.71093832
maturity_trial,row-4,35,316,ST 4550 GLTP,0.221455315,0.826479385,2.112910481,6.706821815,9.547602971,22.14098404,37.46083458,51.61523711,74.02954661,83.29131825,81.48489962,83.19959352,87.14453522,90.06846313,87.74692982,87.10686141
maturity_trial,row-4,36,316,ST 4550 GLTP,0.189750882,1.014086765,3.308608676,9.069976077,13.5566059,28.30892641,41.97464929,52.12657351,70.50102702,79.12755335,82.79585487,88.10839933,89.10619174,90.19337985,88.88285003,87.23795206
maturity_trial,row-4,37,317,PHY 400 W3FE,0.265390509,0.754824468,1.542060279,5.404700632,8.316452847,20.49202187,35.57706093,50.00532642,69.56125682,85.05990443,83.63168435,87.40670334,88.51335951,89.01477962,89.2127193,88.11743089
maturity_trial,row-4,38,317,PHY 400 W3FE,0.311619824,1.21546322,3.037330974,8.578781324,13.16936937,26.23938842,42.38915041,56.20217318,75.48550521,84.47377211,84.36170587,87.78120401,88.27974333,89.35848693,89.02017544,88.21813597
maturity_trial,row-4,39,318,DGX 20P25C B3XF,0.286082352,1.053278524,3.069004271,9.355950172,12.23542651,26.1209642,42.39701275,56.33222662,74.75752508,81.57762982,84.72261261,88.31130124,88.62262597,89.79496125,89.17256916,89.10423453
maturity_trial,row-4,40,318,DGX 20P25C B3XF,0.423768716,1.803763441,4.621232569,13.46505468,18.38963964,34.76375839,49.58030691,58.26838059,77.49964818,84.91508403,85.44413388,87.6408797,87.89228234,89.22138903,89.35219298,88.91380606
maturity_trial,row-4,41,319,DP 1948 B3XF,0.029535395,0.250124617,0.808816914,4.459529937,5.430114787,14.94199742,27.96455529,39.56332227,60.47827319,70.21630981,73.05883697,83.82113323,87.18112692,89.9321505,89.24094463,89.08293661
maturity_trial,row-4,42,319,DP 1948 B3XF,0.074052513,0.493162968,1.376039559,5.226866616,6.482882883,16.39194993,30.19920957,43.52617936,69.08281468,81.88843403,82.51660108,83.43217815,85.63545356,89.39522774,87.71447368,89.09572344
maturity_trial,row-4,43,320,FM 2398 GLTP,0.058202701,0.541218638,1.298245614,5.249950839,7.196038713,17.16209609,30.73817916,43.88349342,65.55155854,77.64004831,77.74760046,83.45889691,86.633312,89.03742379,87.26842105,88.29282552
maturity_trial,row-4,44,320,FM 2398 GLTP,0.041520773,0.289039223,0.726904922,3.485560492,5.379279279,13.199284,23.75134409,35.31461392,59.66643779,71.52870494,78.38433701,84.92229659,87.37508328,88.30954802,87.72017544,87.51106657
maturity_trial,row-4,45,321,PX 4B08 W3FE,0.29340675,0.938634907,2.112460639,7.70371827,11.5741616,26.93675274,41.85797491,53.82875335,75.35401421,85.07541399,87.11458004,88.70133939,89.26110663,89.61560025,89.06842105,88.00756541
maturity_trial,row-4,46,321,PX 4B08 W3FE,0.374836817,1.395761055,3.301844354,10.08395817,15.0578438,29.76001706,47.77341819,58.67052536,76.79689699,87.14821516,83.99694125,87.89754199,88.41062793,89.47803861,88.27404537,86.70550405
maturity_trial,row-4,47,B,B,0.187180893,0.850067649,1.885367498,6.19255662,8.719333783,20.59558203,31.88910845,41.73442571,61.79369829,77.12476284,75.57703126,84.32309552,86.98060942,89.40447824,89.26799117,87.07870127
maturity_trial,row-4,48,B,B,0.412211388,2.17724133,5.860098965,15.10734164,19.64299471,32.00008889,44.62677135,54.55808462,72.369586,82.21179201,81.71035053,86.11276693,87.50131404,90.1780392,89.85939198,87.99757788
maturity_trial,row-4,49,B,B,0.284546536,1.008742434,2.474847387,11.42216336,10.00225225,20.6048654,33.53138574,44.70509383,57.91933376,70.66132036,69.82204343,79.21762212,84.23068831,89.13049195,87.48640351,85.92583312
maturity_trial,row-4,50,B,B,0.2305031,1.30421147,3.408906883,11.68916666,11.44947108,25.85181564,40.42672506,51.02087889,67.38543401,74.64798017,76.0200225,83.50695804,87.03614479,88.76143974,87.38823241,85.82452454
maturity_trial,row-4,51,B,B,0.044517118,0.762835576,2.852192397,8.375341763,11.57461175,27.45366461,44.74382255,58.91999308,67.40826414,75.30513566,76.31510261,85.85197588,88.11301707,89.83397034,88.15657982,87.83187979
maturity_trial,row-4,52,B,B,0.081430067,1.217243466,4.349527665,11.71994562,16.96556381,33.61671131,48.86321631,60.66305062,72.13050123,79.39460119,82.8544019,86.8469234,87.99002419,89.98956836,89.46008772,88.85450597
maturity_trial,row-5,1,B,B,0.052563324,0.363351254,1.241889315,4.650974026,5.227548953,14.34390004,21.98159225,26.46032704,41.52751709,60.95765657,55.99499219,69.10699884,75.42750018,83.92343701,79.08991228,78.0397184
maturity_trial,row-5,2,B,B,0.236711212,0.723604573,1.914080072,6.807280935,7.477830295,16.21716521,24.52422915,29.69124514,43.20085349,60.26932157,53.78615952,68.75043801,74.80067754,82.95390792,81.95457414,77.73657396
maturity_trial,row-5,3,B,B,0.266246608,0.959997864,2.334457181,11.56527683,9.745045045,20.48360805,30.49606566,36.83663867,53.70797395,71.50017474,65.83922051,76.08057677,79.07614409,85.32732564,84.70242826,76.93811075
maturity_trial,row-5,4,B,B,0.116001336,0.69921661,2.110536147,16.0623445,7.394103084,16.07337808,25.34670298,34.02473235,54.07973895,72.80037843,68.72774246,78.27808536,82.50771416,85.44090336,85.07223255,80.1639172
maturity_trial,row-5,5,222,PHY 400 W3FE,0.075016814,0.523837499,2.048582996,26.16669515,4.636486486,12.72012089,24.76664425,38.01759203,48.07560289,71.38825112,65.51295767,75.61540753,79.3958932,85.65649216,82.85526316,81.61446588
maturity_trial,row-5,6,222,PHY 400 W3FE,0.334306432,1.093516343,2.899977523,29.21693185,7.787981094,19.31367454,31.89157706,41.75336896,60.47605978,77.74914013,71.38883029,79.82003226,83.7489919,85.67830612,83.73026316,82.22381002
maturity_trial,row-5,7,223,DGX 18502631C B3XF,0.255285611,1.077328013,3.505173189,30.02787206,6.044114337,14.57220321,26.56483657,36.32263906,58.7764956,75.59640925,73.27769574,81.85971336,83.98786774,84.71607164,83.91052632,83.94095047
maturity_trial,row-5,8,223,DGX 18502631C B3XF,0.315472267,1.720163071,5.074848281,36.22085617,8.916948008,21.88717293,39.00831375,55.88357203,75.40682438,85.74019746,82.57574752,86.05447246,87.33870402,88.34229799,87.96798246,87.74067458
maturity_trial,row-5,9,224,DG 3402 B3XF,0.173902615,1.200627662,5.476833108,37.36181527,5.90636957,17.11676074,33.89989675,54.23628003,67.78517548,82.58028248,75.47899331,84.70329035,87.17477822,88.26440268,87.01216733,86.02814666
maturity_trial,row-5,10,224,DG 3402 B3XF,0.265832547,2.378584229,7.849752587,40.93944239,7.912612613,19.96881954,35.71574806,52.21179625,72.89869741,83.72095067,80.99143228,68.15079893,71.65621277,84.05361338,78.14613687,79.68897762
maturity_trial,row-5,11,225,DP 2012 B3XF,0.255117328,1.103788388,2.182636077,15.33903884,4.93135269,14.58242589,27.47854803,40.35876031,56.64577289,78.20069964,67.64677465,70.00446773,75.54225944,82.54803815,80.21754386,81.34496165
maturity_trial,row-5,12,225,DP 2012 B3XF,0.036408183,0.602150538,2.139357159,13.28050239,3.905855856,12.16482116,20.90276294,28.77643236,45.82993944,61.38228164,67.06395247,65.27174294,68.83744171,76.68747151,74.75060486,76.99908127
maturity_trial,row-5,13,226,DGX 20P861D B3XF,0.077552445,0.183366958,0.663517769,10.93208964,1.255007878,2.925463354,8.876344086,23.59693198,42.21400252,67.5179306,64.55449371,42.17534515,47.097987,61.42966093,57.40701754,62.2822318
maturity_trial,row-5,14,226,DGX 20P861D B3XF,0.043261488,0.263476465,1.217723797,13.98048956,1.945982444,5.385069801,17.83960573,37.29293539,60.98103715,72.11193873,77.55335232,42.89026614,45.86240752,61.60251244,56.91491228,60.77591247
maturity_trial,row-5,15,227,FM 2398 GLTP,0.500817574,1.299563101,3.239829175,13.86533108,6.216520369,13.26947864,25.54166667,38.51224189,63.40108711,78.08305811,71.89730338,72.32199173,76.99865092,85.8646867,82.62017544,83.4258695
maturity_trial,row-5,16,227,FM 2398 GLTP,0.068915923,0.56878872,1.726945569,6.950488616,5.46387576,12.5152229,22.68523464,32.77391703,52.39366381,64.1188251,64.38930493,70.5643606,76.68221186,83.59511879,78.90964912,80.53662407
maturity_trial,row-5,17,228,PHY 360 W3FE,0.089462285,0.477551093,1.667790515,6.192327409,6.244879586,17.2571855,30.7261625,43.37082542,59.37807838,71.53002249,71.18930844,80.52289929,83.95587152,86.44237175,86.36172376,84.78722286
maturity_trial,row-5,18,228,PHY 360 W3FE,0.047824008,0.46629286,1.183985605,5.460273762,4.767949584,13.3308147,24.73563341,36.91172842,55.24773528,65.09554196,69.1663446,81.78232056,85.86155279,87.11229551,85.58201754,85.38753863
maturity_trial,row-5,19,229,PHY 545 W3FE,0.693897132,1.913082437,3.966711651,13.56715653,12.75630631,30.83978485,51.66096988,65.92599826,77.22093353,77.50158106,82.65698063,85.51229939,86.0693748,86.77679792,86.84254357,87.13922455
maturity_trial,row-5,20,229,PHY 545 W3FE,0.217448998,1.027123963,2.848730052,11.19670323,10.3403106,26.38472821,48.3844086,65.47991052,78.06507342,80.26799212,82.07741901,85.73918985,86.79874203,88.27842842,87.84385965,88.54470947
maturity_trial,row-5,21,230,SSG UA 222,1.233083873,2.86099841,6.100247247,20.01231159,17.33873509,37.26076715,57.33283486,71.09884062,81.90195388,86.67774145,87.17412691,89.11120656,89.54030646,89.89067209,89.90964912,89.44458365
maturity_trial,row-5,22,230,SSG UA 222,1.58551665,3.874103943,6.919233897,17.50639091,20.30069773,37.43387477,57.42831541,74.08208014,83.46467774,86.46265196,88.34423232,87.08783026,87.5210246,88.97094919,88.30570175,88.16812021
maturity_trial,row-5,23,231,NG 4190 B3XF,0.095026924,0.315624299,0.852326365,4.019647239,3.896245239,9.555091337,25.15815412,45.93860412,61.02239252,78.19103119,78.05319373,60.77037966,64.50962516,74.68068891,73.48157895,75.27770818
maturity_trial,row-5,24,231,NG 4190 B3XF,0.00556464,0.109767025,0.460638776,2.001060164,2.787305874,8.476910025,20.1325394,39.79204882,49.46346992,63.01691729,70.50504518,73.63033499,78.55111843,83.84717206,82.64315018,82.76137438
maturity_trial,row-5,25,232,FM 1953 GLTP,0.601859037,1.720608132,3.392587429,10.03716678,15.7527027,34.37174986,55.43242185,71.49255189,82.80360584,81.59872376,85.74371091,88.58451889,89.05363025,90.32004979,90.2495614,89.66691184
maturity_trial,row-5,26,232,FM 1953 GLTP,0.727269594,2.051332297,4.014834794,11.78449595,17.74116588,34.67931908,52.74113437,66.66064441,84.41589854,86.04323308,86.80606828,88.66774126,89.06825274,89.5538939,90.10593379,89.23452769
maturity_trial,row-5,27,233,PHY 480 W3FE,0.370341628,1.096631774,1.993702204,7.191985646,12.6144497,28.56876357,47.01630706,65.93975818,81.32608007,85.44550629,86.67466512,87.80222861,88.13949821,89.40925348,89.17236842,89.49427879
maturity_trial,row-5,28,233,PHY 480 W3FE,0.291501511,0.949954796,1.959514676,6.79317391,10.89038938,23.17080759,36.4968638,52.37820646,70.97209998,81.50340805,80.84546286,86.18596258,87.99879028,89.72072325,89.44650934,89.60050436
maturity_trial,row-5,29,234,SSG UA 107,0.029126546,0.129512925,0.472334683,2.077922078,3.095656088,5.849765258,11.93100358,23.95868473,37.83820873,57.4915677,57.61127518,81.94906791,87.16134479,89.5131316,88.78903509,86.42387307
maturity_trial,row-5,30,234,SSG UA 107,0.147780492,0.469849809,1.459204316,4.996451869,6.176126126,14.14596204,24.81485438,37.69508016,56.6692507,66.91892557,77.13442485,86.44631649,87.51446404,89.51704745,87.68464912,82.43798547
maturity_trial,row-5,31,235,ST 5091 B3XF,0.244451343,0.732571172,1.659019343,4.792805878,6.509459459,14.9459976,28.47459588,42.98155283,62.25829585,72.06977725,78.32375277,86.54819889,88.64397419,88.68079175,87.76648901,87.5202539
maturity_trial,row-5,32,235,ST 5091 B3XF,0.334768054,1.069892473,2.806567701,8.393680053,11.97119064,24.10533843,37.3713772,50.03018305,70.64622658,80.33271735,80.90523152,86.08778358,86.8258988,87.77919983,87.52582781,86.7765052
maturity_trial,row-5,33,236,DP 1948 B3XF,0.302654043,0.944865769,2.246063878,6.992908407,9.98424488,23.10413796,37.26723279,49.53882073,71.1652878,85.29518387,84.1929473,89.26738033,89.96502332,89.79715278,89.84843438,89.61747265
maturity_trial,row-5,34,236,DP 1948 B3XF,0.127986713,0.577633085,1.597212857,5.119995212,6.973666442,17.64567314,32.0426547,47.34122827,71.58958978,85.39421215,86.43119572,84.15708879,83.90391758,88.450682,88.04561404,88.47830199
maturity_trial,row-5,35,237,DG 3215 B3XF,0.000428332,0.065869116,0.273504274,1.273496241,1.750618951,7.092888457,16.55510753,31.17154626,49.3597078,75.26709047,68.5075715,45.21897682,50.90728988,64.74744201,60.93464912,66.13547148
maturity_trial,row-5,36,237,DG 3215 B3XF,0.005170163,0.072593826,0.630992306,3.023605756,3.954504505,11.29294635,22.09946237,32.36466452,49.90792223,61.58056216,72.74768836,77.08888149,81.73531782,85.53464357,83.85175439,84.80949879
maturity_trial,row-5,37,238,PX 1150A453-04 W3FE,0.174062154,0.555881934,1.128654971,4.25647427,6.47535449,18.62566125,33.7601474,49.42874137,71.47799508,86.22764292,84.34052421,87.81514078,88.83156843,89.56084869,88.89517544,89.83965535
maturity_trial,row-5,38,238,PX 1150A453-04 W3FE,0.369406467,1.000725938,2.176338282,6.851739439,11.01057844,23.95617583,43.16518906,59.22580473,75.14210079,86.01800193,86.02555989,82.08134768,82.22237806,86.72726954,85.62537256,87.06381024
maturity_trial,row-5,39,239,NG 5150 B3XF,0.002568295,0.056003584,0.232411778,1.524841189,1.83344587,6.220546235,15.99424594,30.5219945,48.35878131,68.59786559,68.68605632,46.34410393,54.94340879,68.85891862,63.24473684,65.94599138
maturity_trial,row-5,40,239,NG 5150 B3XF,0.226866081,0.995602791,3.129104813,5.998050666,8.930002251,22.08009245,37.84803817,54.27667205,74.76405071,80.16565948,84.30768822,85.80138762,86.64048529,87.5,86.64662155,87.02994641
maturity_trial,row-5,41,240,DGX 14330 GLTP,0.457128578,1.400582829,3.26765632,10.92695981,15.05604321,30.68491933,48.44406466,65.97704313,85.22107519,88.71829105,87.58525824,90.18636698,89.81489593,90.23589537,90.34254386,89.73373962
maturity_trial,row-5,42,240,DGX 14330 GLTP,0.278231986,1.275089606,3.216902675,10.76622522,13.6481982,29.25944186,46.89079969,63.23171706,86.48297858,88.44089946,88.65504884,89.6804261,90.07328448,89.9225078,89.96940636,89.827111
maturity_trial,row-5,43,241,PX 1140A383-04 W3FE,0.506287907,1.522849462,2.81331534,10.19040209,14.52937205,35.48113249,57.75208289,75.38978811,87.18525339,89.75366714,89.19241993,89.48594856,89.35498283,89.6257758,89.50614035,89.058737
maturity_trial,row-5,44,241,PX 1140A383-04 W3FE,0.527356625,1.608198203,3.582827602,12.793362,17.3866316,37.54136297,57.95295699,71.25818937,85.4361028,88.73154698,88.97521256,85.87760179,86.67642624,89.16138132,88.74078947,88.01553495
maturity_trial,row-5,45,242,PHY 443 W3FE,0.439753738,1.213237912,3.152946469,11.97624744,13.36439343,30.57824792,49.47491039,61.31642491,81.36038207,88.93358916,87.30091762,88.7535917,89.22270306,89.72395596,89.07894737,87.3269022
maturity_trial,row-5,46,242,PHY 443 W3FE,0.490544393,1.823307517,4.391812865,17.53289502,15.45352239,31.90897373,50.36984619,62.88727518,81.30760977,86.2316244,86.88517386,88.18243978,88.6755321,89.85431705,86.12149123,82.31249343
maturity_trial,row-5,47,B,B,0.103159859,0.670262764,4.047201618,15.75017088,7.218095881,18.72382196,36.63613544,56.96830464,80.50809542,85.48635022,84.44828253,87.78602215,88.71366457,89.73929661,89.36191662,87.09387789
maturity_trial,row-5,48,B,B,0.253833181,1.670477471,6.299145299,21.3700059,12.3947783,26.34250411,41.53225806,56.67755624,72.03815438,80.91841578,80.90918679,86.20568744,87.33563589,89.36987525,88.81578947,86.70466884
maturity_trial,row-5,49,B,B,0.292978789,1.5609319,7.085187683,26.81561859,9.159009009,21.57270333,34.31157872,45.1325391,57.32928747,73.65522451,66.49043701,76.78271077,82.389372,87.15636944,84.91181318,83.3460124
maturity_trial,row-5,50,B,B,0.2654017,1.319444444,5.824111561,23.55915973,8.364618501,21.77341215,34.53853047,43.49835657,56.49236817,65.9286944,67.88489259,74.37804621,76.46821781,84.8320418,82.40309051,82.13689134
maturity_trial,row-5,51,B,B,0.018834165,0.739247312,5.876293297,9.151999316,7.767274364,20.37023868,36.19819483,47.43319702,52.91039263,59.53376432,58.08810604,70.14578001,76.95965847,84.28542645,77.20263158,79.31554331
maturity_trial,row-5,52,B,B,0.098451318,1.720690428,10.17094017,13.60344724,14.22957461,29.55392399,43.82437276,52.10793104,60.23367365,63.4991392,66.85783848,76.65437312,82.23859532,86.56668974,81.93265893,83.21613954
maturity_trial,row-6,1,B,B,0.07576471,0.472973274,1.430949168,3.975616221,4.895791132,12.4735166,18.0303354,21.47479715,36.04700253,55.29565737,53.06753859,66.60592894,74.99561988,84.08297977,80.33156733,76.56769398
maturity_trial,row-6,2,B,B,0.104872056,0.444171473,1.258659469,4.373291183,5.71910871,12.57700342,19.85663082,23.42410277,38.26967083,57.29437496,51.00748366,63.26082767,68.01605947,78.35171289,76.93116869,74.06703793
maturity_trial,row-6,3,B,B,0.271864404,0.786061985,1.6997078,6.089105102,7.258158902,17.14792064,27.24327957,32.50315147,47.42447852,62.34838097,60.80626165,72.50639498,77.65917373,82.09789965,81.73377193,79.15977616
maturity_trial,row-6,4,B,B,0.118129926,0.495798619,1.542959964,6.063738893,6.674319154,15.48868839,23.10092217,29.81641603,49.21615097,65.46052632,68.87297098,71.45297498,74.58711736,79.68717149,80.75186718,80.22654198
maturity_trial,row-6,5,201,ST 4993 B3XF,0.007276837,0.069444444,0.356484603,5.470533417,1.175675676,4.16761052,12.06918037,22.20673615,37.35524312,56.06036635,61.69004676,43.71822294,49.10235282,59.89997896,58.24254386,64.95448092
maturity_trial,row-6,6,201,ST 4993 B3XF,0.009851626,0.048419637,0.210526316,1.752819549,0.988971416,4.469531979,14.03946806,25.95476093,44.44419996,68.16193521,75.27071687,44.03952625,48.21947929,60.09399748,57.79736842,65.49500893
maturity_trial,row-6,7,202,NG 3195 B3XF,0.063351283,0.411236915,1.334681951,4.110701675,3.62027027,10.00262058,20.46446985,32.08724677,48.98448844,68.08053192,69.48678058,74.49507346,80.78736982,87.88570777,83.78114035,83.11862982
maturity_trial,row-6,8,202,NG 3195 B3XF,0.506716239,1.779216788,3.715699505,9.424982912,8.267386901,21.95519801,41.43189964,57.67093372,71.3850971,80.88179383,82.86177618,81.95344803,84.3011949,89.64363305,89.02061404,88.06514658
maturity_trial,row-6,9,203,DGX 20P25C B3XF,0.091339546,0.360499893,0.965362123,5.050742543,2.604546478,8.395928708,25.78820409,43.92551554,60.29000176,75.23718158,78.13917308,52.01751464,57.18205407,75.14244889,70.07850877,75.82268437
maturity_trial,row-6,10,203,DGX 20P25C B3XF,0.182799593,0.973113563,2.576309283,5.918538341,4.147197839,11.77750832,25.99026205,40.86518829,61.49424782,79.40255882,77.72211089,67.35637886,73.06048076,84.11821313,77.90614035,81.89135232
maturity_trial,row-6,11,204,DG H959 B3XF (not paid),0.23558236,1.089065727,1.956815115,7.496990024,9.152824668,22.15544925,36.47015859,44.86780373,64.54828771,82.83719757,75.08437928,80.74321957,85.48427804,89.05729514,87.73201754,86.95303142
maturity_trial,row-6,12,204,DG H959 B3XF (not paid),0.162860134,0.620833092,1.432681501,6.362114738,7.850101283,19.44708654,30.71014028,38.53310371,60.00616089,73.15316669,76.40186916,85.77379284,88.30165854,89.48727164,88.70928153,88.78643615
maturity_trial,row-6,13,205,SSG UA 114,0.016382982,0.177579577,0.416554206,3.251633987,0.642808913,2.309435975,5.839653208,12.40475519,22.27606952,38.56587347,39.32514151,67.67862149,81.12048108,86.96044742,85.45482456,86.10276348
maturity_trial,row-6,14,205,SSG UA 114,0.005992689,0.015243219,0.307934367,3.379416283,1.083333333,3.179785112,12.45282347,27.75065249,47.2791479,65.54523028,76.44631368,62.55431355,69.43154741,81.41732077,79.11962201,77.76538879
maturity_trial,row-6,15,206,PX 4B08 W3FE,0.245433986,0.894265233,2.659469186,8.827186789,8.302048166,20.66491844,36.01838995,48.17261254,72.5243084,83.07721554,86.04885209,88.48443143,88.82061082,89.18834812,89.21403509,88.24965851
maturity_trial,row-6,16,206,PX 4B08 W3FE,0.278231986,0.973558923,2.731849854,9.688961466,11.28288288,26.36525555,43.37096774,55.94295403,76.50290399,85.05990443,85.8304328,87.09921859,87.49858576,88.21875843,87.90614035,86.5622651
maturity_trial,row-6,17,207,DP 1646 B2XF,0.087031077,0.265701773,0.81511471,2.914169438,2.899392302,13.06235833,31.80588193,49.67375672,66.58663536,79.07209613,76.72977534,83.17831972,85.53245205,87.30933763,86.09912281,85.56561942
maturity_trial,row-6,18,207,DP 1646 B2XF,0.019388111,0.113935769,0.465587045,3.109530364,3.379248256,7.698731017,19.60211457,36.59561813,57.07759323,73.55456527,77.57049186,62.8595424,66.71937417,76.90881518,74.31315789,76.75854005
maturity_trial,row-6,19,208,DP 1840 B3XF,0.033815887,0.318433042,0.988688581,3.174080692,3.305424263,11.62318325,24.6047853,39.62102516,55.54963915,70.06798538,78.5020378,67.51217675,71.6785301,77.34317473,76.33638978,79.28086582
maturity_trial,row-6,20,208,DP 1840 B3XF,0.102303761,0.333351136,0.523166892,1.637269906,1.598469503,5.85322087,16.21136865,34.08953713,49.66841402,64.37480224,76.96181837,66.22063828,70.58352022,77.36026859,74.15482456,75.62181575
maturity_trial,row-6,21,209,PX 1130A329-04 W3FE,0.29192956,0.84739728,2.217723797,9.64963279,12.83412109,31.30183564,53.43097985,69.59053952,80.59782226,86.81090251,86.44481946,88.99143248,90.02645595,90.19776289,89.46885965,89.28149627
maturity_trial,row-6,22,209,PX 1130A329-04 W3FE,0.539345026,1.698800114,3.393162393,11.57382092,15.25455773,32.98510711,53.23960336,68.6296007,82.09662854,85.97296395,88.23612137,85.45842386,85.91070865,89.29617097,87.22693643,86.51928129
maturity_trial,row-6,23,210,AMX 20B037 B3XF,0.015837821,0.086845375,0.298044504,1.394458076,1.679945982,6.217609672,20.98252688,38.0541697,51.58962546,70.52034291,71.4692543,44.69523092,48.15956029,56.69202987,54.58552632,55.86611543
maturity_trial,row-6,24,210,AMX 20B037 B3XF,0.000856098,0.051075269,0.182320294,0.81991741,1.108710331,4.456762651,12.59453405,27.72623972,34.63762085,48.30739231,59.86051049,39.92352302,45.43328194,55.96310183,51.93289474,54.49238205
maturity_trial,row-6,25,211,FM 1730 GLTP,0.131411107,0.672494956,1.285232637,4.67370023,6.867117117,20.68314147,37.10752688,54.6552918,65.55359972,70.90330968,82.13099923,79.37077036,82.13690873,85.02840212,83.22719298,84.01110833
maturity_trial,row-6,26,211,FM 1730 GLTP,0.190865184,0.735663082,1.440845704,4.962680506,6.896691425,19.34841549,34.10640533,50.05237647,65.03263088,77.1600218,79.01241079,85.55259654,87.57314808,89.34920579,89.18947368,89.05243249
maturity_trial,row-6,27,212,PX 1140A385-04 W3FE,0.140025248,0.52062689,0.906967709,4.048716261,5.96713932,16.74861531,32.44098483,50.68888376,65.63369125,75.76066334,78.58811749,85.03015534,87.26726042,88.3067062,87.08711736,87.91781508
maturity_trial,row-6,28,212,PX 1140A385-04 W3FE,0.232657335,0.572794275,0.944219523,3.946119713,5.917623228,15.2402329,27.71398562,42.56964295,58.62739234,69.35054319,73.73958443,69.02200575,74.07360362,79.54390056,77.7245614,80.13405162
maturity_trial,row-6,29,213,DP 2020 B3XF,0.219734092,0.824699138,1.622132254,5.112354751,7.084852577,21.54649753,38.28763441,52.70582178,61.68198631,75.39262877,73.51732134,79.62104211,83.34662856,85.72662085,84.13645289,83.1833561
maturity_trial,row-6,30,213,DP 2020 B3XF,0.534633461,1.696379661,3.657343938,9.307644298,13.8181409,30.58980399,44.42428315,55.29335575,70.08889046,75.82533488,81.90284077,85.94684212,87.37341439,89.06430801,87.64429825,87.44772512
maturity_trial,row-6,31,214,PX 1150A450-04 W3FE,0.408358945,1.218507417,2.356484603,7.187743132,10.98693694,24.35174897,42.92562724,61.3986684,80.79957148,85.11672468,86.75157332,87.96516925,89.08034901,89.31512369,89.61140351,88.79857098
maturity_trial,row-6,32,214,PX 1150A450-04 W3FE,0.267555935,1.016129032,2.052181736,6.846182126,10.12694126,23.99918273,42.19972655,62.51531346,80.14390072,86.88558429,85.72570445,80.2123146,82.30214944,85.83619692,85.36754386,84.72396225
maturity_trial,row-6,33,215,DGX 20P04D B3XF,0.112956352,0.756332661,1.831422792,6.062030075,9.270762998,24.26418952,41.96886349,56.48181027,68.41665494,80.02803853,77.49841789,84.95339547,86.69712313,90.02375609,89.47017544,87.54145214
maturity_trial,row-6,34,215,DGX 20P04D B3XF,0.074052513,0.653673835,1.895636527,6.197686448,9.570110286,23.42754096,41.38850317,57.70599933,74.45204757,82.75360525,83.34094582,87.7660507,89.01828605,89.88875837,89.43599004,85.81359672
maturity_trial,row-6,35,216,PHY 390 W3FE,0.763715177,1.965823005,3.472784525,8.808049536,13.65653837,30.72403218,50.57457452,69.52399553,81.23349762,85.89718067,86.79727877,89.18240591,89.56216273,89.58939654,89.38508772,88.8998634
maturity_trial,row-6,36,216,PHY 390 W3FE,0.523932231,1.286228014,2.912564621,9.614598528,14.41053342,30.44624206,44.96236559,55.23675941,73.39173779,84.06528793,84.93302394,87.42728993,88.6444125,89.35095901,89.61700971,88.95431387
maturity_trial,row-6,37,217,DG 1464 GLTP,0.176763757,0.742362743,1.471434998,5.953302374,8.090929552,20.04876944,32.96639785,42.56342879,59.93931206,83.22487378,77.43777028,84.39755764,87.70411381,89.01565623,87.75087719,87.76883472
maturity_trial,row-6,38,217,DG 1464 GLTP,0.16759945,0.793633121,1.640818161,5.97916586,8.571621622,17.92079648,30.74485509,41.03520624,59.30782307,74.19650041,81.57059734,76.94740346,76.89961079,85.00946107,85.07573898,85.64463591
maturity_trial,row-6,39,218,NG 4936 B3XF,0.007276837,0.042725913,0.090418354,0.425266598,0.628854378,2.311884552,7.643729096,18.74589422,28.87343778,54.6353195,61.03488862,21.58823942,26.55685683,33.97121217,30.37061404,33.54673014
maturity_trial,row-6,40,218,NG 4936 B3XF,0.013269525,0.211163416,0.612235717,2.292960195,3.729462075,10.35257271,18.59689881,25.9973723,39.7252322,47.43615266,57.66620961,64.49996496,70.13893756,75.3898311,75.00833333,76.24923821
maturity_trial,row-6,41,219,ST 4550 GLTP,0.349847696,1.042144502,2.303643725,6.166052512,9.279315778,19.21152051,29.33979563,36.66663708,56.48705599,77.67322725,77.9062511,85.87234564,87.37289176,88.54642612,88.45131579,88.03866765
maturity_trial,row-6,42,219,ST 4550 GLTP,0.055254772,0.172683899,0.634299843,2.177184238,2.757146072,7.450997822,14.92113509,21.89336506,42.85157772,61.51424858,63.31029091,72.04495249,77.94934956,83.91905396,82.90833333,84.05083074
maturity_trial,row-6,43,220,PX 1150A452-04 W3FE,0.095883023,0.450268817,1.025551653,4.580508366,5.828494261,14.49846985,28.65662608,43.19327806,58.28243267,70.87906497,75.37135675,69.97597974,73.84977924,78.98109538,77.99868421,78.51003467
maturity_trial,row-6,44,220,PX 1150A452-04 W3FE,0.112222869,0.433935057,1.064958418,4.543317117,6.669367544,14.92999689,27.51792115,42.08405092,59.06700429,75.55205186,78.36062118,65.02945405,69.79995792,78.5870823,77.40438596,77.86403278
maturity_trial,row-6,45,221,PHY 332 W3FE,0.24313195,0.72767571,1.954116059,7.189880561,10.99707405,23.90279869,40.18637993,50.08995344,67.51584228,82.50052737,80.91358155,87.47240521,88.69183194,89.6699138,88.57763158,86.2436315
maturity_trial,row-6,46,221,PHY 332 W3FE,0.543225206,1.984528162,4.484274875,12.06193412,18.00675219,33.14236188,51.02720216,61.94982512,79.79964115,84.47754901,87.34574412,88.14299239,88.68780462,89.97861075,86.55676917,83.56100433
maturity_trial,row-6,47,B,B,0.20680652,0.853628142,1.773881771,5.617588468,7.27027027,18.72426613,33.38139999,51.07723649,69.5951417,82.87189937,81.20890905,71.60146121,74.26413904,80.94296785,81.23640351,79.65619418
maturity_trial,row-6,48,B,B,0.064238536,0.427546462,1.36797121,5.237098428,5.390051767,13.85306014,23.64879299,37.85701929,48.5703103,66.71922212,67.18436874,75.02629826,81.65477401,85.39789263,82.76456047,82.283913
maturity_trial,row-6,49,B,B,0.087322039,0.568996416,1.693810202,6.375520464,5.909459459,14.12226116,24.35065513,40.88205529,43.15975991,58.38662076,58.04415849,66.9804296,72.32155372,79.47333357,78.51885965,77.56953145
maturity_trial,row-6,50,B,B,0.070246376,0.698476703,2.417453891,7.852016405,6.858879136,15.48113249,30.05062724,47.86721233,50.93848497,61.13498928,65.22298984,72.82877216,77.13804832,81.02048146,79.86210947,79.8352422
maturity_trial,row-6,51,B,B,0.043661019,0.738357189,3.160218427,7.135327249,7.608558559,18.58613047,35.43268888,48.88219627,55.35331058,65.45393858,64.75582744,76.4722641,83.95192679,87.45222483,82.88734663,82.91436377
maturity_trial,row-6,52,B,B,0.107868401,1.301950235,4.473234368,9.900240798,12.69412559,26.2793902,42.25726341,53.60110434,63.07296251,68.11757782,72.99864732,81.63939309,84.56268835,88.2052316,83.69298246,83.49912303
maturity_trial,row-7,1,B,B,0.080045202,0.396104821,2.173639226,5.823209049,7.083051992,15.30285466,22.752884,24.1739609,35.31288506,50.18765601,51.2415677,57.34489091,63.21794242,72.2912795,71.78026316,69.39876011
maturity_trial,row-7,2,B,B,0.086893989,0.197162287,0.697976627,2.347323513,2.463650686,8.607493666,13.73326568,16.1739331,29.25549811,38.93832127,33.40936258,48.20382903,55.88206952,66.78486272,62.72061404,62.28388875
maturity_trial,row-7,3,B,B,0.150673321,0.61459804,1.830409357,6.191701649,8.006752194,17.93963783,24.32392473,28.63750155,42.69044162,56.23726372,56.8878986,68.59669563,74.43897051,84.27671026,83.70526316,80.23469473
maturity_trial,row-7,4,B,B,0.047393161,0.388093712,0.979307242,4.154135338,4.677020032,12.04275746,20.01612903,24.69639401,45.37730625,60.00500668,64.31239672,66.20689957,70.44908657,76.594551,76.46754386,77.19827677
maturity_trial,row-7,5,122,PX 1150A452-04 W3FE,0.002568295,0.001781444,0.010788941,0.815215068,0.394594595,2.746278998,11.62144841,27.63924152,45.74699198,64.66165414,69.79748972,24.78624991,29.94121873,41.79450542,38.52839829,42.48601019
maturity_trial,row-7,6,122,PX 1150A452-04 W3FE,0.018418257,0.127732678,0.34502924,2.804596719,3.305424263,9.994221965,24.08895891,38.40882055,56.39148037,74.58425623,77.05493289,61.81257234,66.7154359,73.44226656,69.18157895,68.55773878
maturity_trial,row-7,7,123,PX 1150A453-04 W3FE,0.567165201,1.138758126,2.224320072,8.679667929,11.3954955,31.58420723,51.02141636,65.05397206,78.66459682,83.91851387,83.24236192,85.80226365,87.21704394,87.89447386,87.31415898,86.32468215
maturity_trial,row-7,8,123,PX 1150A453-04 W3FE,0.603519172,1.239496546,2.687436881,9.536910458,12.00090029,29.54531313,46.01180303,64.18825347,78.50290442,87.19779515,82.89385848,85.28716098,86.65977068,88.2565132,87.65833333,87.35321139
maturity_trial,row-7,9,124,FM 2398 GLTP,0.016693919,0.230541907,0.823555855,4.150030351,2.844024308,12.0520912,31.09318996,53.53331805,66.61008303,79.48169303,79.78281124,56.02449244,61.89510477,78.59652043,73.01404327,76.01260902
maturity_trial,row-7,10,124,FM 2398 GLTP,0.080621519,0.375884598,1.067476383,4.588174983,5.106009453,14.55709977,30.37007168,51.6196758,71.97914084,83.34948042,80.85034432,70.47795921,75.03725586,83.8817981,78.68684211,79.03157103
maturity_trial,row-7,11,125,ST 5091 B3XF,0.526072477,1.579249745,2.884693189,9.198991798,10.40648211,25.98815853,44.81048387,59.48102906,76.04561391,82.61190359,81.00147664,83.91661995,87.17872296,87.78983945,87.55526316,86.37016621
maturity_trial,row-7,12,125,ST 5091 B3XF,0.354852794,1.031207719,2.996851102,8.7429358,9.993697952,23.265034,36.44431389,47.78598441,72.22352655,81.38798752,84.92511338,86.06805989,88.14563039,88.90514402,88.77850877,87.57339498
maturity_trial,row-7,13,126,ST 4550 GLTP,0.051399788,0.308872748,0.9967267,4.592447027,3.120414135,10.09189797,23.8793349,43.87037886,59.20876724,79.57276368,75.59285237,65.55485932,70.31540377,82.93023949,79.48157895,79.94320555
maturity_trial,row-7,14,126,ST 4550 GLTP,0.077983292,0.481880492,1.507422402,5.339295333,5.870357866,14.58109249,32.23892687,55.97668803,71.07859532,77.63208536,84.21140468,66.75681125,68.93255374,76.44552754,73.16973684,73.54376379
maturity_trial,row-7,15,127,ST 4993 B3XF,0.158054347,0.487455197,1.800269906,6.529391661,6.366419086,16.30739144,35.96943317,54.61540497,75.54228495,83.62363947,82.54755124,76.18263368,79.3258112,85.71829307,82.29908131,82.70901194
maturity_trial,row-7,16,127,ST 4993 B3XF,0.294069806,0.976462677,3.099123399,8.267571796,10.79864865,23.04999978,35.98649666,46.36383005,69.51161709,79.20874862,80.53852505,83.53554909,85.64553456,87.06695536,86.06666667,83.89828728
maturity_trial,row-7,17,128,DG 1464 GLTP,0.133639448,0.570340502,1.482681062,5.322112098,6.28809363,17.34921552,38.38709677,60.69960844,76.85439317,83.0789839,82.95186865,79.77707844,81.46944425,83.70505992,83.22215015,80.82210781
maturity_trial,row-7,18,128,DG 1464 GLTP,0.031451825,0.273451591,0.714317824,2.915451895,3.943731713,10.88029279,27.76209677,52.53670792,69.14667183,79.16451004,82.95538445,49.24109901,52.78893019,63.08995757,59.00263158,58.25315293
maturity_trial,row-7,19,129,DG 3402 B3XF,0.113004991,0.51582639,1.562753036,6.013440148,6.821967139,25.2886795,50.17713452,66.83770396,78.84923429,84.33982617,80.90830784,80.65281041,83.86726195,86.37546452,85.57306843,84.8969213
maturity_trial,row-7,20,129,DG 3402 B3XF,0.210600211,1.083724988,2.744489429,8.020912596,9.296421337,24.82777012,46.57213558,61.43848872,75.25770476,76.74926217,80.25832366,85.8320485,86.80660262,87.19450191,87.2627193,86.73056043
maturity_trial,row-7,21,130,DGX 20P25C B3XF,0.127961534,0.620860927,1.362573099,5.320913451,6.162502813,18.58571492,40.16680909,59.39358699,74.49932712,83.69746859,82.87170367,83.64987035,85.51053684,88.5624496,87.47982456,87.7595423
maturity_trial,row-7,22,130,DGX 20P25C B3XF,0.232155707,1.222961026,2.699033491,9.527084757,12.06887238,26.5886711,51.05171976,70.99541928,78.6932158,82.72707982,86.93445565,86.00450577,86.47986895,89.43864321,89.19780702,89.02973626
maturity_trial,row-7,23,131,DGX 20P861D B3XF,0.080473251,0.317328918,0.647505161,2.787633696,4.332882883,11.10138228,32.01328064,57.57907764,75.2185653,84.86945066,86.41786885,57.06645525,61.36654511,78.06243206,74.03529226,78.03808569
maturity_trial,row-7,24,131,DGX 20P861D B3XF,0.016704931,0.061905165,0.426450742,1.863892686,2.202565834,9.084973417,25.6257566,49.59652362,65.45810597,74.97865488,82.21381268,69.90909569,72.87860724,85.64904099,83.38596491,86.44404749
maturity_trial,row-7,25,132,DG 3215 B3XF,0.006893551,0.010236417,0.115082041,0.680129614,0.688288288,9.791990755,28.62634409,55.28300056,69.54598227,79.77524116,86.29886705,24.44766627,27.85715537,51.91845787,46.73770118,54.15309446
maturity_trial,row-7,26,132,DG 3215 B3XF,0.006898098,0.255824373,1.046107372,1.558441558,2.111186135,9.5948761,33.71460573,65.14922856,76.18594397,82.91715009,86.78856577,44.02507183,49.45255794,60.53069883,54.99912281,58.87317432
maturity_trial,row-7,27,133,DGX 14330 GLTP,0.441187242,1.455796482,2.753877276,8.094867608,12.05630631,28.73549936,52.89735099,76.67782256,84.51528638,86.14292741,86.07214429,87.06373958,88.42026421,88.47565675,88.18068656,87.55742356
maturity_trial,row-7,28,133,DGX 14330 GLTP,0.319963677,1.365921875,3.155195682,9.549601156,13.50528922,27.94160104,45.53291676,69.3304689,84.21008625,85.99611504,86.66028389,83.73365125,85.6423891,87.51840878,87.26535088,86.45791741
maturity_trial,row-7,29,134,DGX 18502631C B3XF,0.052132477,0.308872748,0.806023826,2.470011884,3.342792793,11.41339615,29.77643369,57.44012215,67.90520335,76.60500977,77.91504061,71.96851566,76.79147102,85.3641432,81.59954767,81.42654306
maturity_trial,row-7,30,134,DGX 18502631C B3XF,0.187542035,0.798440504,1.942420153,5.267429938,7.656538375,19.46308725,39.80286738,59.67056087,75.18636895,81.55118183,84.58690535,77.66924802,80.18689295,83.7595112,82.76359649,81.43322476
maturity_trial,row-7,31,135,DGX 20P04D B3XF,0.011129279,0.107259845,0.548358075,2.047656096,2.983783784,12.14676208,32.97580645,63.19620759,78.19316423,83.8923461,86.20968309,68.67176268,73.34343682,81.40099583,78.47192982,76.69433645
maturity_trial,row-7,32,135,DGX 20P04D B3XF,0.021125425,0.216890757,0.939721098,3.687628161,4.304298897,13.18817985,36.98655914,64.21222236,80.03388488,85.8565807,84.11120487,72.85592894,75.77133997,82.15093446,79.17660156,77.20704919
maturity_trial,row-7,33,136,FM 1730 GLTP,0.227918018,1.086395357,2.986289054,11.31725417,14.69997749,29.12662785,46.74955197,64.43979188,81.32036307,85.48412615,85.73418767,87.76981568,88.58524142,89.38207861,89.10087719,88.20961433
maturity_trial,row-7,34,136,FM 1730 GLTP,0.596700597,2.174283154,6.351776878,20.60193096,14.83006977,31.30793592,46.94999288,61.76273458,81.24609626,85.99667978,85.14573006,87.464959,88.57225454,88.31207513,88.34548897,86.88674518
maturity_trial,row-7,35,137,FM 1953 GLTP,0.355708892,1.425179211,3.46235109,15.17338118,12.11118614,27.16831859,43.36457666,59.41634914,76.03454687,81.42777567,80.30578701,84.66010461,86.30079947,86.80704092,86.27587719,86.83391513
maturity_trial,row-7,36,137,FM 1953 GLTP,0.290645413,1.209677419,3.073774179,10.47163363,11.90817016,23.48750339,35.72999003,47.30039238,69.07927086,83.5144431,81.38382027,85.67392599,87.18944916,87.44262037,87.28479259,86.99253967
maturity_trial,row-7,37,138,DP 1840 B3XF,0.072340316,0.338028922,0.917959092,3.321990715,5.60117038,9.91110716,18.43862007,27.51140742,43.1379927,67.64648671,59.76778118,75.06113853,80.46433956,87.01392054,86.01973684,85.65504479
maturity_trial,row-7,38,138,DP 1840 B3XF,0.053425018,0.426369009,1.164192533,4.029051922,6.732882883,13.50015556,23.37096774,34.35497044,50.12824204,65.92743987,68.64020448,80.45864161,84.82505782,88.29674469,87.06096491,87.35112336
maturity_trial,row-7,39,139,SSG UA 222,0.271433557,0.816791887,1.874493927,6.34858887,8.203916273,17.8061748,31.72706503,47.41357882,69.85557979,79.7031804,82.7989312,83.67702712,85.64246643,88.3994004,87.67017544,87.30146054
maturity_trial,row-7,40,139,SSG UA 222,0.3514284,1.087730542,2.471566644,5.641100177,8.489309025,16.55540246,27.00589262,39.21089076,54.23805587,71.03611196,71.1769201,82.96004418,87.15791226,89.08622322,89.53596491,89.18525015
maturity_trial,row-7,41,140,SSG UA 114,0.054322521,0.149095635,0.467520791,2.160084813,4.505964438,7.380328015,17.23189489,28.53985051,43.54747317,60.27330599,59.16572974,82.45555595,87.675643,89.47764636,89.85263158,88.13705838
maturity_trial,row-7,42,140,SSG UA 114,0.059026027,0.238553016,0.653621233,2.405889042,3.40990991,8.414282605,16.85181229,24.36704366,43.02420873,63.47359393,68.29052843,82.32269255,86.10400084,87.92647007,88.41868579,87.30356205
maturity_trial,row-7,43,141,SSG UA 107,0.099801254,0.313088711,0.60908682,2.74222488,3.426963763,7.795457576,19.62899665,33.39513757,48.13405925,68.65076732,75.7409556,83.44589446,85.58373365,86.4774361,84.85087719,82.77541134
maturity_trial,row-7,44,141,SSG UA 107,0,0.004928315,0.047201618,1.193112352,0.286293045,2.061424952,15.93632059,38.06748575,44.46972364,61.70302125,70.60080426,26.65962927,31.69064055,48.50362916,47.61913111,50.26836188
maturity_trial,row-7,45,142,DG H959 B3XF (not paid),0.158551665,0.695359785,2.014907365,7.106117567,8.326356066,19.36253281,38.84497614,58.6727447,73.99380805,80.75270338,82.78809274,76.24702152,79.35937445,83.57849153,82.30263158,79.80077756
maturity_trial,row-7,46,142,DG H959 B3XF (not paid),0.537201757,2.094904935,5.273544617,12.95281414,21.3436867,35.02371365,53.90681004,64.61924968,79.48380567,83.22939358,84.57353303,86.27663116,87.48729764,88.25563659,87.89184403,84.41660403
maturity_trial,row-7,47,B,B,0.282390881,1.972948779,4.484480432,11.41660971,17.75241954,33.41728073,47.97007406,61.29929801,75.99211934,84.12488581,82.11730479,86.70938748,88.2052316,89.6161331,89.41973684,84.07166124
maturity_trial,row-7,48,B,B,0.130983058,1.707701346,4.546190155,11.54852389,16.66756696,32.05727069,44.17013815,56.54262024,74.59822214,82.54602628,78.68148578,84.49698647,86.61565281,89.2786388,88.53658964,85.39833981
maturity_trial,row-7,49,B,B,0.034059358,0.224461893,0.601889339,2.902426521,4.277740266,10.71017718,17.78911201,27.71070433,35.62086617,49.68115382,41.39507084,51.01694473,55.06046078,63.77458887,62.55833333,60.6560891
maturity_trial,row-7,50,B,B,0.133131697,0.952508961,2.081816138,7.143712114,8.400630205,18.73549936,29.35181229,40.51985867,54.35864292,62.42665659,61.1113063,70.82836919,76.0253872,81.53032798,77.96732003,76.75185835
maturity_trial,row-7,51,B,B,0.036384183,0.898292932,2.939021012,7.015038944,10.69412559,24.58420374,40.8504237,52.19146303,64.15177315,71.86697957,72.97493149,81.3130738,84.70197631,87.60030486,86.01491228,83.03709152
maturity_trial,row-7,52,B,B,0.011209409,0.671594982,2.979096426,7.840513667,12.766149,26.0260456,41.08019713,51.09768656,64.41603591,73.10888202,73.62180501,80.92173398,84.45597672,87.61702724,85.51622807,83.4283913
maturity_trial,row-8,1,B,B,0.022686608,0.15043082,0.912280702,2.560211349,3.289189189,9.598873595,16.94126967,20.15473252,37.91446101,53.12558024,52.06749039,55.19219987,63.00721845,74.30209925,72.58231355,69.65923327
maturity_trial,row-8,2,B,B,0.273156945,0.94578853,2.068825911,6.453750331,8.643709205,18.06213609,26.26352987,28.81216095,44.11986047,57.36567078,58.01669564,66.55265746,70.13657562,79.38128967,77.23377193,72.34969003
maturity_trial,row-8,3,B,B,0.031451825,0.077561085,0.790289953,3.335242769,4.050866532,11.7095509,18.24574521,21.86762069,35.57472276,46.5959027,43.91860229,56.95607611,64.18634803,73.20020674,72.92287598,68.18717114
maturity_trial,row-8,4,B,B,0.441318734,1.538978495,3.662618084,10.52811573,13.9387801,26.41761856,35.34056113,39.85449994,55.05206867,65.30898441,71.89566772,78.22679617,81.0503524,84.96309478,84.51754386,81.3025113
maturity_trial,row-8,5,101,DP 1646 B2XF,0.000856098,0.061905165,0.244099798,1.712662338,1.048840873,3.663718387,6.89400413,11.87214815,22.84192726,38.72226987,40.6070419,37.22317612,44.78549388,59.34280608,54.29932676,55.77716529
maturity_trial,row-8,6,101,DP 1646 B2XF,0.056010099,0.263921527,0.683254238,2.257124048,2.419369369,7.963898179,16.05559292,28.16167463,42.21533146,56.77759027,68.78038638,50.98925278,55.00297848,61.63785546,59.29254386,59.75235948
maturity_trial,row-8,7,102,DP 1948 B3XF,0.211456309,0.740189813,1.517644414,5.631930191,6.878685573,18.40881817,31.78006836,45.81609644,67.41420831,79.08614995,81.80068747,78.59257832,83.05515621,85.31913589,82.54847645,83.47000105
maturity_trial,row-8,8,102,DP 1948 B3XF,0.146487951,0.503364666,1.686909582,6.282082726,7.225675676,18.40180154,33.84876435,50.54942148,71.42705265,82.61215413,81.013683,82.32976261,85.1194022,87.55215821,85.7004386,83.96931806
maturity_trial,row-8,9,103,DP 2012 B3XF,0.117698795,0.587312262,1.334334307,4.989250086,5.474229124,14.48997733,26.84789575,45.81787192,65.27295747,80.13799101,79.14725699,72.09247319,77.8748808,85.8958063,82.33774834,80.78259417
maturity_trial,row-8,10,103,DP 2012 B3XF,0.335590579,1.037634409,2.236457631,6.067803465,7.904118839,17.92965297,30.13245033,43.30067377,70.26051751,85.9962406,81.83052016,73.06398486,78.42438153,85.55743539,81.69685122,81.95145529
maturity_trial,row-8,11,104,DP 2020 B3XF,0.510571223,1.496077113,2.686895932,8.054938483,11.10871033,23.45019343,34.07035534,43.6828649,62.72311213,78.15859743,74.40886187,73.5561913,78.82516294,83.61443248,82.22719298,81.19659557
maturity_trial,row-8,12,104,DP 2020 B3XF,0.274379543,0.829149754,1.967161493,5.974111471,8.113963964,18.78572381,28.98207885,39.08172505,61.62002181,71.46063172,81.445894,80.42785059,83.17393667,86.83246257,86.33947368,84.91480832
maturity_trial,row-8,13,105,NG 4936 B3XF,0.000861694,0.019150519,0.081871345,1.155066132,0.526671168,2.684119294,7.646057348,22.95199119,41.12237898,68.90415291,73.38880096,24.17522251,29.6630808,42.93453487,41.93783092,45.76756034
maturity_trial,row-8,14,105,NG 4936 B3XF,0.040068763,0.237662893,0.671611598,2.137428076,1.904568985,4.949342856,14.07384974,30.77694725,48.94061884,64.17835671,83.11855499,37.11980517,42.07913678,56.1416572,52.51666667,56.28664495
maturity_trial,row-8,15,106,NG 3195 B3XF,0.261524078,1.002507382,2.811664924,4.151740294,3.835696601,11.10627139,20.30682546,31.15519613,54.63354818,72.89896462,75.83576347,65.24809027,70.05483916,75.39535047,72.08177005,70.87989913
maturity_trial,row-8,16,106,NG 3195 B3XF,0.4261076,1.44265233,3.873679479,8.859211888,8.941706054,19.74673649,31.33411664,39.80523055,63.33252121,77.81434834,82.35769785,75.91500806,78.29999299,80.54235773,79.69385965,79.1292909
maturity_trial,row-8,17,107,NG 4190 B3XF,0.059926889,0.426075269,1.301394512,2.358865624,0.533423363,4.02817903,12.21115502,27.7656272,45.70421787,57.84401277,73.96177359,25.23784077,29.19615951,39.44565141,39.48858656,44.17316381
maturity_trial,row-8,18,107,NG 4190 B3XF,0.017561594,0.164088769,0.471566644,1.095352016,0.373621427,3.838039273,15.28897849,33.75086554,60.67509801,81.17375101,87.91706219,16.70421473,20.2882289,34.63611978,34.06842105,40.77549486
maturity_trial,row-8,19,108,NG 5150 B3XF,0.001292541,0.15621662,0.4471435,1.935654865,1.624324324,7.601671185,17.94713262,31.45468326,55.27854982,75.50769447,82.01754386,50.26061742,56.02887549,61.55257902,60.82807018,65.01208364
maturity_trial,row-8,20,108,NG 5150 B3XF,0.006035836,0.112230946,0.330634278,1.824589884,2.210668467,7.299425693,17.4624368,34.21115708,58.95837001,71.9705221,84.01232289,55.88467338,60.58369542,69.22621761,67.09517544,68.13701797
maturity_trial,row-8,21,109,AMX 20B037 B3XF,0.024398805,0.190860215,0.538461538,2.801740721,3.77627729,10.86537179,25.44773197,42.68504874,58.95633389,72.18543046,75.75442754,62.48993046,66.52621067,74.36928013,70.60687612,73.07316462
maturity_trial,row-8,22,109,AMX 20B037 B3XF,0.036621988,0.296164997,0.894133513,3.28052461,5.320279091,12.29762682,27.94764295,48.89698702,69.36676338,76.89905197,86.06440254,86.52586026,88.34807296,88.90783337,88.36710526,86.11705369
maturity_trial,row-8,23,110,PHY 332 W3FE,0.804490662,1.84255501,3.269905533,11.471149,17.14234234,31.94764212,50.41880296,63.86891587,80.12463059,87.70192486,88.08168065,89.1784638,89.67210386,89.60868193,88.6242505,86.22591153
maturity_trial,row-8,24,110,PHY 332 W3FE,0.475654995,1.241666184,3.232118758,9.296529672,14.39702903,27.68576137,46.05586413,64.41640183,80.79387432,82.92462117,85.53774215,86.66252015,89.42766226,88.88197342,87.16008772,86.3633498
maturity_trial,row-8,25,111,PHY 360 W3FE,0.148202721,0.680944243,1.535625983,5.272556391,7.629979743,21.1409396,39.94338816,64.19651355,80.17960175,82.38704237,85.15320114,81.93548952,85.21926904,89.53938608,88.43183492,87.43255659
maturity_trial,row-8,26,111,PHY 360 W3FE,0.317612513,1.646499241,3.676563203,6.878243547,8.853927526,21.62689159,44.53763441,71.32743284,83.78322478,86.03390993,86.98010055,76.85402714,82.18205407,88.22627021,84.67719298,83.5893664
maturity_trial,row-8,27,112,PHY 390 W3FE,0.599272251,1.872311828,3.249719038,9.894907724,15.8298447,35.51180052,62.94489247,78.94288301,87.16444736,88.17019183,88.42245895,88.45442918,89.66963201,89.79737543,88.56140351,87.39098455
maturity_trial,row-8,28,112,PHY 390 W3FE,0.684184902,2.237455197,4.504723347,11.0312663,16.76981982,33.37570559,52.88666952,71.94618539,85.67438113,86.221541,88.2386228,89.04195449,89.75094611,89.9637084,88.76096491,86.51048192
maturity_trial,row-8,29,113,PHY 400 W3FE,0.205891669,0.933871329,1.808945831,6.70411825,10.64595994,25.54932242,46.83650217,64.8620457,77.67215221,85.9143726,86.23649064,88.28097624,89.73929661,89.57756233,88.86754386,85.02889566
maturity_trial,row-8,30,113,PHY 400 W3FE,0.424196766,1.54703411,3.077822762,8.82971538,12.71573261,28.35237122,44.74248736,60.83089739,79.18660287,82.08137165,87.19484699,88.00887128,89.59720373,89.40793857,88.93939128,86.89300927
maturity_trial,row-8,31,114,PHY 443 W3FE,0.437038242,1.630260628,4.834794336,21.46317498,11.58856628,25.48379928,43.67433953,64.26104788,82.4111072,88.37485068,89.0441118,90.03208387,89.84580455,90.1162383,89.81666667,86.15109804
maturity_trial,row-8,32,114,PHY 443 W3FE,0.247736977,1.205146591,4.245164193,22.08476185,10.60004501,24.15464087,40.61365093,57.53555386,74.74097594,83.39760031,86.67401027,88.46844558,89.78488026,89.22533114,87.24692982,83.88039756
maturity_trial,row-8,33,115,PHY 480 W3FE,0.781987152,2.545307271,6.141155316,19.47496582,19.49268512,39.26352282,55.78234322,67.13448632,82.9846478,86.75822149,88.4495,88.94640415,90.17012405,89.30473366,88.24824561,87.30272145
maturity_trial,row-8,34,115,PHY 480 W3FE,1.228929278,3.213278881,7.151596941,18.31091884,24.33783784,45.63673431,60.75134409,68.75965414,85.40167003,87.3246493,88.81383075,89.13247249,89.84755777,89.5240892,89.20175439,87.19326819
maturity_trial,row-8,35,116,PHY 545 W3FE,0.362342256,0.969982079,2.675657451,10.58227956,7.497636732,18.6728299,34.11998913,52.8687961,71.8166767,84.7006535,83.97029372,84.43956752,86.19165674,86.26091378,85.03552632,84.22701077
maturity_trial,row-8,36,116,PHY 545 W3FE,0.33516253,1.425179211,4.170040486,13.21315288,12.64954955,26.87808347,41.43078402,52.1619691,70.93313252,78.3786872,81.6391555,86.41591913,88.47259722,89.75770539,89.76798246,89.01922875
maturity_trial,row-8,37,117,PX 4B08 W3FE,0.195618488,0.827168796,2.794421952,13.51282029,10.57573711,23.78331801,38.03496404,47.89739538,68.94367319,83.21249525,84.59155152,87.17653144,89.12415026,89.05072057,88.41693257,87.28430636
maturity_trial,row-8,38,117,PX 4B08 W3FE,0.728180454,2.100690736,5.688469319,16.35175226,15.92257484,31.42495222,45.03355764,51.33651404,72.51936279,82.16388627,82.57084344,86.18552456,88.32094393,88.57559872,85.2622807,83.29179363
maturity_trial,row-8,39,118,PX 1130A329-04 W3FE,0.217577692,0.875134165,2.270805218,8.687790156,9.818591042,21.40392021,34.17607527,43.97359871,71.23425626,84.21073573,82.24387371,86.73698227,89.64100498,89.20605859,88.61197798,87.27077861
maturity_trial,row-8,40,118,PX 1130A329-04 W3FE,0.326816982,0.856298512,2.338952574,7.608082707,11.25770876,22.24543313,35.50985663,44.36065195,64.50402829,77.54975729,75.68995503,79.85482445,82.52962937,85.49037484,85.29845475,84.35939197
maturity_trial,row-8,41,119,PX 1140A383-04 W3FE,1.091335238,1.972958057,4.878092668,12.58774142,20.13504389,35.82425886,50.18234767,58.66449613,76.54938556,86.77095777,85.1070795,89.255554,90.07416109,88.67684701,87.8254386,86.51089952
maturity_trial,row-8,42,119,PX 1140A383-04 W3FE,1.280028282,2.681496119,6.87255563,16.10987697,24.25208193,39.97199876,58.69489247,65.45993644,81.48873438,87.69236175,88.18962428,89.35323078,89.78073096,90.29189151,89.93916336,89.15666702
maturity_trial,row-8,43,120,PX 1140A385-04 W3FE,0.336018629,1.429608483,3.528565002,11.946513,13.66711712,27.37973092,41.08154122,50.53397369,72.00297284,84.29353173,82.13423638,88.31875241,89.95187419,89.85413233,89.20833333,88.75887413
maturity_trial,row-8,44,120,PX 1140A385-04 W3FE,0.332166186,1.061471908,4.386133352,16.07869105,10.09408058,19.05195786,29.4385993,41.10709657,65.52367541,81.83472208,78.9211978,87.42071974,89.47675234,90.12194267,89.35964912,87.96427446
maturity_trial,row-8,45,121,PX 1150A450-04 W3FE,0.140456095,0.440461928,1.728744939,9.47222626,5.710810811,12.25631937,23.68884854,41.77822559,67.22341254,83.00365399,85.55167731,73.91957993,76.50150676,84.21841579,82.31223044,83.27361564
maturity_trial,row-8,46,121,PX 1150A450-04 W3FE,0.223013638,0.834229391,2.396493594,9.120386193,10.46455098,21.01293391,33.76726839,41.22782877,64.60086252,76.88002937,76.5139929,83.09096643,86.54800309,88.31952134,86.94254386,85.77549486
maturity_trial,row-8,47,B,B,0.274018638,1.297018606,3.303193882,9.240529056,8.95566059,19.88265132,31.66173835,40.4168812,59.37112654,68.88920326,72.23394157,81.14195799,84.62620015,87.97336863,86.53485396,83.70284754
maturity_trial,row-8,48,B,B,0.245700246,1.5888699,4.646886941,12.39661654,15.31217646,29.84754878,45.39539272,54.23494842,71.64632661,80.85205499,82.2030025,86.46015839,87.77437848,89.35058267,88.13947368,84.92003783
maturity_trial,row-8,49,B,B,0.238689191,1.274622891,3.789923527,12.02987269,11.10916048,23.41110682,35.39174322,45.74352688,61.4083472,75.22090858,69.1356397,78.73435254,83.29201416,87.40970932,85.57452926,83.28071494
maturity_trial,row-8,50,B,B,0.270141016,1.118884854,2.478632479,6.003075871,8.66261535,20.06489177,30.34021119,40.94863555,55.80987397,66.58800056,66.38540238,75.8952975,81.14458782,85.69593955,82.175,81.80350951
maturity_trial,row-8,51,B,B,0.056871793,0.722780033,1.968511021,5.327238551,8.558631555,20.01600071,34.37477747,46.81613195,55.50519275,66.20173476,62.77411335,72.29916898,76.19577406,81.14502612,78.27588625,77.31938528
maturity_trial,row-8,52,B,B,0.047424423,0.55536504,3.239361773,7.571625215,11.28066622,23.83128795,37.34956918,47.19386396,61.33707547,67.76452489,75.06741881,81.64990539,82.41961499,86.79871314,85.34166667,83.70873174